-- --------------------------------------------------------
-- Host:                         remotemysql.com
-- Server version:               8.0.13-4 - Percona Server (GPL), Release '4', Revision 'f0a32b8'
-- Server OS:                    debian-linux-gnu
-- HeidiSQL Version:             11.1.0.6116
-- --------------------------------------------------------

/*!40101 SET @OLD_CHARACTER_SET_CLIENT=@@CHARACTER_SET_CLIENT */;
/*!40101 SET NAMES utf8 */;
/*!50503 SET NAMES utf8mb4 */;
/*!40014 SET @OLD_FOREIGN_KEY_CHECKS=@@FOREIGN_KEY_CHECKS, FOREIGN_KEY_CHECKS=0 */;
/*!40101 SET @OLD_SQL_MODE=@@SQL_MODE, SQL_MODE='NO_AUTO_VALUE_ON_ZERO' */;
/*!40111 SET @OLD_SQL_NOTES=@@SQL_NOTES, SQL_NOTES=0 */;

-- Dumping structure for table ySmdjxnAyh.API
CREATE TABLE IF NOT EXISTS `API` (
  `ID` bigint(20) NOT NULL AUTO_INCREMENT,
  `METHOD` varchar(10) NOT NULL,
  `API` varchar(200) NOT NULL,
  `UPDATED_VERSION` bigint(20) NOT NULL DEFAULT '1',
  `CREATED_TIME` timestamp NOT NULL DEFAULT CURRENT_TIMESTAMP ON UPDATE CURRENT_TIMESTAMP,
  `UPDATE_ID` varchar(100) DEFAULT '1',
  `ZONE_ID` bigint(20) DEFAULT NULL,
  `STATUS` tinyint(4) DEFAULT NULL,
  `DESCRIPTION` text,
  PRIMARY KEY (`ID`),
  UNIQUE KEY `API_UN` (`METHOD`,`API`),
  KEY `API_METHOD_IDX` (`METHOD`) USING BTREE,
  KEY `API_API_IDX` (`API`) USING BTREE,
  KEY `API_METHOD_API_IDX` (`METHOD`,`API`) USING BTREE,
  KEY `API_METHOD__API_ZONE_IDX` (`METHOD`,`API`,`ZONE_ID`) USING BTREE,
  KEY `API_CREATED_TIME_IDX` (`CREATED_TIME`) USING BTREE,
  KEY `API_FK` (`ZONE_ID`),
  CONSTRAINT `API_FK` FOREIGN KEY (`ZONE_ID`) REFERENCES `SE_ZONE` (`id`)
) ENGINE=InnoDB AUTO_INCREMENT=973 DEFAULT CHARSET=utf8;

-- Dumping data for table ySmdjxnAyh.API: ~802 rows (approximately)
/*!40000 ALTER TABLE `API` DISABLE KEYS */;
INSERT INTO `API` (`ID`, `METHOD`, `API`, `UPDATED_VERSION`, `CREATED_TIME`, `UPDATE_ID`, `ZONE_ID`, `STATUS`, `DESCRIPTION`) VALUES
	(2, 'GET', '/ams/role/search-roles', 7, '2020-07-28 10:26:11', '1', 2, 1, NULL),
	(3, 'GET', '/ams/role/get-user-roles', 5, '2020-07-28 10:26:11', '1', 2, 1, NULL),
	(4, 'GET', '/auth/permission/get-user-permissions', 1, '2020-08-07 02:58:47', '1', 2, 1, NULL),
	(5, 'POST', '/ams/role/assign-role', 1, '2020-07-28 10:26:11', '1', 2, 1, NULL),
	(6, 'DELETE', '/ams/role/revoke-role', 3, '2020-09-09 10:11:14', '1', 2, 1, NULL),
	(7, 'POST', '/auth/check-permissions', 1, '2020-07-14 03:05:38', '1', 2, 1, NULL),
	(8, 'POST', '/auth/verify-access-token', 3, '2020-07-14 03:05:38', '1', 2, 1, NULL),
	(9, 'GET', '/auth/get-subject-info', 5, '2020-07-14 03:05:38', '1', 2, 1, NULL),
	(10, 'GET', '/auth/health-check', 1, '2020-07-14 03:05:38', '1', 2, 1, NULL),
	(11, 'GET', '/sample/user/getUserIdByToken', 1, '2020-07-14 03:05:38', '1', 4, 1, NULL),
	(12, 'GET', '/sample/hotel/getById', 1, '2020-07-14 03:05:38', '1', 4, 1, NULL),
	(13, 'GET', '/tripione/companies/settings/generals', 1, '2020-08-03 01:48:40', '1', 5, 1, NULL),
	(14, 'GET', '/auth/get-metadata', 3, '2020-07-14 03:05:38', '1', 2, 1, NULL),
	(16, 'POST', '/tripione/companies/settings/departments/filter', 1, '2020-08-03 03:11:28', '1', 5, 1, NULL),
	(17, 'GET', '/tripione/companies/settings/departments/options', 1, '2020-08-03 01:49:15', '1', 5, 1, NULL),
	(18, 'DELETE', '/tripione/companies/settings/departments', 1, '2020-08-03 01:49:19', '1', 5, 1, NULL),
	(19, 'PUT', '/tripione/companies/settings/departments', 1, '2020-08-03 01:49:32', '1', 5, 1, NULL),
	(21, 'PUT', '/tripione/companies/settings/generals', 1, '2020-08-03 01:48:49', '1', 5, 1, NULL),
	(22, 'POST', '/tripione/companies/settings/job-titles/filter', 1, '2020-08-03 01:50:35', '1', 5, 1, NULL),
	(23, 'GET', '/tripione/companies/settings/job-titles/options', 1, '2020-08-03 01:51:01', '1', 5, 1, NULL),
	(24, 'PUT', '/tripione/companies/settings/job-titles', 1, '2020-08-03 01:51:22', '1', 5, 1, NULL),
	(25, 'DELETE', '/tripione/companies/settings/job-titles', 1, '2020-08-03 01:51:40', '1', 5, 1, NULL),
	(26, 'POST', '/tripione/companies/settings/job-titles', 1, '2020-08-03 01:51:50', '1', 5, 1, NULL),
	(27, 'POST', '/tripione/companies/settings/departments', 1, '2020-08-03 01:49:54', '1', 5, 1, NULL),
	(28, 'POST', '/tripione/companies/settings/users/filter', 1, '2020-08-13 07:37:35', '1', 5, 1, NULL),
	(29, 'PUT', '/tripione/companies/settings/users', 1, '2020-08-12 09:16:31', '1', 5, 1, NULL),
	(30, 'POST', '/tripione/companies/settings/users', 1, '2020-08-12 09:16:37', '1', 5, 1, NULL),
	(31, 'GET', '/tripione/', 1, '2020-07-21 01:45:53', '1', 5, 1, NULL),
	(32, 'DELETE', '/tripione/companies/settings/users', 1, '2020-08-31 06:02:36', '1', 5, 1, NULL),
	(33, 'POST', '/tripione/companies/settings/individual-policies/filter', 1, '2020-08-03 01:53:42', '1', 5, 1, NULL),
	(34, 'POST', '/tripione/companies/settings/group-policies/filter', 1, '2020-08-03 01:54:41', '1', 5, 1, NULL),
	(35, 'POST', '/tripione/companies/settings/group-policies', 1, '2020-08-03 01:54:54', '1', 5, 1, NULL),
	(36, 'POST', '/tripione/companies/settings/individual-policies', 1, '2020-08-03 01:55:08', '1', 5, 1, NULL),
	(37, 'PUT', '/tripione/companies/settings/group-policies', 1, '2020-08-03 01:55:26', '1', 5, 1, NULL),
	(38, 'PUT', '/tripione/companies/settings/individual-policies', 1, '2020-08-03 01:55:41', '1', 5, 1, NULL),
	(39, 'DELETE', '/tripione/companies/settings/individual-policies', 1, '2020-08-03 01:55:59', '1', 5, 1, NULL),
	(40, 'DELETE', '/tripione/companies/settings/group-policies', 1, '2020-08-03 01:56:16', '1', 5, 1, NULL),
	(41, 'POST', '/tripione/companies/settings/approval-flows/filter', 1, '2020-08-03 01:56:52', '1', 5, 1, NULL),
	(42, 'POST', '/tripione/companies/settings/approval-flows', 1, '2020-08-03 01:57:05', '1', 5, 1, NULL),
	(43, 'POST', '/ams/permission/create-permission', 1, '2020-07-28 10:26:12', '1', 2, 1, NULL),
	(44, 'POST', '/ams/api/create-api', 1, '2020-07-28 10:26:12', '1', 2, 1, NULL),
	(45, 'POST', '/ams/api/assign-api-permission', 0, '2020-07-28 10:29:40', NULL, 2, 1, NULL),
	(49, 'DELETE', '/ams/api/revoke-api-permission', 1, '2020-09-09 10:12:41', NULL, 2, 1, NULL),
	(50, 'POST', '/ams/role/assign-role-permission', 1, '2020-07-28 10:29:40', '1', 2, 1, NULL),
	(51, 'POST', '/ams/zone/create-zone', 1, '2020-07-28 10:29:40', NULL, 2, 1, NULL),
	(52, 'POST', '/ams/secret-key/create-secret-key', 1, '2020-09-03 07:58:27', '1', 2, 1, NULL),
	(53, 'DELETE', '/ams/role/revoke-role-permission', 1, '2020-09-09 10:11:15', '1', 2, 1, NULL),
	(54, 'PUT', '/ams/api/update-api', 1, '2020-07-28 10:29:40', '1', 2, 1, NULL),
	(55, 'DELETE', '/ams/api/delete-api', 1, '2020-07-28 10:29:40', '1', 2, 1, NULL),
	(56, 'GET', '/ams/api/search-apis', 1, '2020-07-28 10:29:40', '1', 2, 1, NULL),
	(57, 'POST', '/auth/zone/createDemo', 2, '2020-07-14 03:07:14', NULL, 3, -1, NULL),
	(58, 'POST', '/auth/zone/updateDemo', 0, '2020-07-14 03:07:15', NULL, NULL, 1, NULL),
	(59, 'DELETE', '/ams/permission/delete-permission', 1, '2020-07-28 10:29:41', '1', 2, 1, NULL),
	(60, 'PUT', '/ams/permission/update-permission', 1, '2020-07-28 10:29:41', '1', 2, 1, NULL),
	(61, 'GET', '/ams/permission/search-permissions', 1, '2020-07-28 10:29:41', '1', 2, 1, NULL),
	(62, 'POST', '/ams/role/create-role', 1, '2020-07-28 10:29:41', '1', 2, 1, NULL),
	(63, 'PUT', '/ams/role/update-role', 1, '2020-07-28 10:29:41', '1', 2, 1, NULL),
	(64, 'DELETE', '/ams/role/delete-role', 1, '2020-07-28 10:29:41', '1', 2, 1, NULL),
	(65, 'DELETE', '/ams/zone/delete-zone', 1, '2020-07-28 10:29:41', '1', 2, 1, NULL),
	(66, 'DELETE', '/ams/secret-key/delete-secret-key', 1, '2020-09-03 07:58:27', '1', 2, 1, NULL),
	(67, 'PUT', '/ams/secret-key/update-secret-key', 1, '2020-09-03 07:58:27', '1', 2, 1, NULL),
	(68, 'PUT', '/ams/zone/update-zone', 1, '2020-07-28 10:29:42', '1', 2, 1, NULL),
	(69, 'GET', '/ams/zone/search-zones', 1, '2020-07-28 10:29:42', '1', 2, 1, NULL),
	(70, 'GET', '/ams/secret-key/search-secret-keys', 1, '2020-09-03 07:58:27', '1', 2, 1, NULL),
	(71, 'POST', '/ams/account/find-accounts', 1, '2020-07-28 10:29:42', '1', 2, 1, NULL),
	(72, 'GET', '/ams/account/logout', 1, '2020-07-28 10:29:42', '1', 2, 1, NULL),
	(73, 'POST', '/api/hotel-content/create-new-hotel', 1, '2020-07-08 08:29:04', '1', 7, 1, NULL),
	(74, 'POST', '/api/hotel-content/update-mapping', 1, '2020-07-08 08:29:04', '1', 7, 1, NULL),
	(75, 'GET', '/api/hotel-content/agencies', 1, '2020-07-08 09:19:28', '1', 7, 1, NULL),
	(76, 'POST', '/ams/zone/gen-jwt-token-service', 1, '2020-07-28 10:29:42', '1', 2, 1, NULL),
	(164, 'POST', '/ams/service/create-service', 1, '2020-07-28 10:29:42', '1', 2, 1, NULL),
	(165, 'PUT', '/ams/service/update-service', 1, '2020-07-28 10:29:42', '1', 2, 1, NULL),
	(166, 'DELETE', '/ams/service/delete-service', 1, '2020-07-28 10:29:42', '1', 2, 1, NULL),
	(167, 'GET', '/ams/service/search-service', 1, '2020-07-28 10:29:42', '1', 2, 1, NULL),
	(168, 'POST', '/auth/check-allow-api', 1, '2020-07-14 03:05:38', '1', 2, 1, NULL),
	(169, 'POST', '/api/auth/zone/updateDemo', 2, '2020-08-11 10:01:14', NULL, 3, 0, 'this is update description'),
	(170, 'GET', '/ams/api/get-detail-api', 1, '2020-07-28 10:29:43', '1', 2, 1, NULL),
	(171, 'POST', '/api/auth/zone/helloworld', 0, '2020-07-21 01:45:51', NULL, 3, 1, NULL),
	(172, 'PUT', '/tripione/companies/settings/approval-flows', 1, '2020-08-03 01:57:22', '1', 5, 1, NULL),
	(173, 'DELETE', '/tripione/companies/settings/approval-flows', 1, '2020-08-03 01:57:39', '1', 5, 1, NULL),
	(174, 'POST', '/tripione/companies/settings/bypass-approval-accounts/filter', 1, '2020-08-03 01:58:37', '1', 5, 1, NULL),
	(175, 'POST', '/tripione/companies/settings/bypass-approval-accounts', 1, '2020-08-03 01:58:45', '1', 5, 1, NULL),
	(176, 'DELETE', '/tripione/companies/settings/bypass-approval-accounts', 1, '2020-08-03 02:00:01', '1', 5, 1, NULL),
	(177, 'GET', '/ams/account/get-detail', 1, '2020-07-28 10:29:43', '1', 2, 1, NULL),
	(178, 'PUT', '/ams/account/update-status', 1, '2020-07-28 10:29:43', '1', 2, 1, NULL),
	(179, 'GET', '/ams/role/get-detail', 1, '2020-07-28 10:29:43', '1', 2, 1, NULL),
	(180, 'PUT', '/ams/role/update-status', 1, '2020-07-28 10:29:43', '1', 2, 1, NULL),
	(181, 'GET', '/ams/access/search-access', 1, '2020-07-28 10:29:43', '1', 2, 1, NULL),
	(182, 'POST', '/tripione/public/accounts/register', 1, '2020-09-01 02:55:37', '1', 5, 1, NULL),
	(183, 'POST', '/ams/zone/assign-default-role', 1, '2020-07-30 04:17:16', '1', 2, 1, NULL),
	(184, 'DELETE', '/ams/zone/revoke-default-role', 1, '2020-09-03 02:04:06', '1', 2, 1, NULL),
	(185, 'GET', '/tripione/public/accounts/verify', 1, '2020-09-01 03:17:48', '1', 5, 1, NULL),
	(186, 'GET', '/tripione/accounts/brief', 1, '2020-08-04 06:21:38', '1', 5, 1, NULL),
	(187, 'GET', '/', 1, '2020-07-27 04:40:15', '1', 5, 1, NULL),
	(188, 'POST', '/tripione/flights/search', 1, '2020-08-03 02:00:29', '1', 5, 1, NULL),
	(189, 'POST', '/tripione/flights/search-round-trip', 1, '2020-08-03 02:00:36', '1', 5, 1, NULL),
	(190, 'POST', '/tripione/flights/ticket-detail', 1, '2020-09-30 10:16:49', '1', 5, 1, NULL),
	(191, 'POST', '/tripione/flights/insurance-package', 1, '2020-09-18 03:29:30', '1', 5, 1, NULL),
	(192, 'POST', '/tripione/flights/book', 1, '2020-08-03 02:00:57', '1', 5, 1, NULL),
	(193, 'POST', '/recommendation/hotels/recommend-for-user', 1, '2020-07-31 10:01:40', '1', 9, 1, NULL),
	(194, 'GET', '/ams/health-check', 1, '2020-07-14 03:05:38', '1', 2, 1, ''),
	(195, 'GET', '/tripione/v2/api-docs', 1, '2020-07-30 04:04:43', '1', 5, 1, NULL),
	(212, 'POST', '/recommendation/hotels/recommend-by-flight-booking', 1, '2020-08-03 06:47:39', '1', 9, 1, NULL),
	(213, 'POST', '/tripione/trips', 1, '2020-07-30 04:04:43', '1', 5, 1, NULL),
	(214, 'POST', '/ams/gateway/origin/create', 1, '2020-08-03 09:41:31', '1', 2, 1, NULL),
	(215, 'GET', '/ams/gateway/origin/search', 1, '2020-08-04 01:24:27', '1', 2, 1, NULL),
	(216, 'DELETE', '/ams/gateway/origin/delete', 1, '2020-08-04 01:24:27', '1', 2, 1, NULL),
	(217, 'PUT', '/ams/gateway/origin/update', 1, '2020-08-04 01:24:27', '1', 2, 1, NULL),
	(218, 'POST', '/ams/gateway/quota/create-plan', 1, '2020-08-04 01:24:27', '1', 2, 1, NULL),
	(219, 'DELETE', '/ams/gateway/quota/delete-plan', 1, '2020-08-04 04:11:36', '1', 2, 1, NULL),
	(220, 'GET', '/ams/gateway/quota/search-plan', 1, '2020-08-04 04:11:36', '1', 2, 1, NULL),
	(221, 'PUT', '/ams/gateway/quota/update-plan', 1, '2020-08-04 04:11:36', '1', 2, 1, NULL),
	(222, 'POST', '/ams/gateway/quota/create-quota-detail', 1, '2020-08-04 07:36:21', '1', 2, 1, NULL),
	(223, 'DELETE', '/ams/gateway/quota/delete-quota-detail', 1, '2020-08-04 07:36:21', '1', 2, 1, NULL),
	(224, 'PUT', '/ams/gateway/quota/update-quota-detail', 1, '2020-08-04 07:36:21', '1', 2, 1, NULL),
	(225, 'GET', '/ams/gateway/quota/search-quota-detail', 1, '2020-08-04 07:36:21', '1', 2, 1, NULL),
	(226, 'POST', '/ams/gateway/host/create', 1, '2020-08-04 07:36:21', '1', 2, 1, NULL),
	(227, 'DELETE', '/ams/gateway/host/delete', 1, '2020-08-04 07:36:21', '1', 2, 1, NULL),
	(228, 'PUT', '/ams/gateway/host/update', 1, '2020-08-04 07:36:21', '1', 2, 1, NULL),
	(229, 'GET', '/ams/gateway/host/search', 1, '2020-08-04 07:36:21', '1', 2, 1, NULL),
	(230, 'GET', '/tripione/swagger-ui.html', 1, '2020-08-05 04:12:52', '1', 5, 1, NULL),
	(231, 'GET', '/ams/gateway/partner/search', 1, '2020-08-04 07:36:21', '1', 2, 1, NULL),
	(232, 'POST', '/ams/gateway/partner/create', 1, '2020-08-04 07:36:21', '1', 2, 1, NULL),
	(233, 'PUT', '/ams/gateway/partner/update', 1, '2020-08-04 07:36:21', '1', 2, 1, NULL),
	(234, 'DELETE', '/ams/gateway/partner/delete', 1, '2020-08-04 07:36:21', '1', 2, 1, NULL),
	(235, 'GET', '/ams/gateway/predicate/search', 1, '2020-08-04 07:36:21', '1', 2, 1, NULL),
	(236, 'POST', '/ams/gateway/predicate/create', 1, '2020-08-04 07:36:21', '1', 2, 1, NULL),
	(237, 'PUT', '/ams/gateway/predicate/update', 1, '2020-08-04 07:36:21', '1', 2, 1, NULL),
	(238, 'DELETE', '/ams/gateway/predicate/delete', 1, '2020-08-04 07:36:21', '1', 2, 1, NULL),
	(239, 'GET', '/ams/swagger-ui.html', 1, '2020-08-10 06:31:05', '1', 2, 1, NULL),
	(240, 'GET', '/ams/v3/api-docs', 1, '2020-08-10 06:31:05', '1', 2, 1, NULL),
	(241, 'GET', '/tripione/public/accounts/passwords/forgot', 1, '2020-09-01 03:18:07', '1', 5, 1, NULL),
	(242, 'PUT', '/tripione/public/accounts/passwords/reset', 1, '2020-09-10 06:36:49', '1', 5, 1, NULL),
	(243, 'POST', '/tripione/admins/company-approvals/filter', 1, '2020-08-17 04:27:03', '1', 5, 1, NULL),
	(244, 'GET', '/ams/role/get-self-user-roles', 1, '2020-07-28 10:26:11', '1', 2, 1, NULL),
	(246, 'PUT', '/tripione/accounts/passwords', 1, '2020-08-11 02:42:55', '1', 5, 1, NULL),
	(247, 'PUT', '/tripione/admins/company-approvals/accept', 1, '2020-09-10 01:56:22', '1', 5, 1, NULL),
	(248, 'GET', '/tripione/notifications/unreads', 1, '2020-08-11 08:57:04', '1', 5, 1, ''),
	(249, 'PUT', '/tripione/notifications/statuses', 1, '2020-08-11 09:50:04', '1', 5, 1, NULL),
	(250, 'POST', '/tripione/notifications/filter', 1, '2020-08-11 09:50:04', '1', 5, 1, NULL),
	(251, 'POST', '/tripione/admins/corporates', 1, '2020-08-11 00:00:00', '1', 5, 1, NULL),
	(252, 'POST', '/tripione/admins/company-approvals/histories', 1, '2020-08-17 04:27:03', '1', 5, 1, NULL),
	(253, 'POST', '/tripione/companies/settings/images/upload', 1, '2020-08-12 07:54:09', '1', 5, 1, NULL),
	(254, 'POST', '/ams/role/assign-by-code', 1, '2020-07-28 10:26:11', '1', 2, 1, NULL),
	(255, 'GET', '/activity/getPopularDestinations', 1, '2020-08-13 03:26:05', '1', 13, 1, ''),
	(256, 'POST', '/ams/zone/assign-anonymous-role', 1, '2020-07-28 10:29:42', '1', 2, 1, NULL),
	(257, 'DELETE', '/ams/zone/revoke-anonymous-role', 1, '2020-07-28 10:29:42', '1', 2, 1, NULL),
	(259, 'PUT', '/ams/account/revoke-roles-in-zone', 1, '2020-08-14 08:22:52', '1', 2, 1, NULL),
	(261, 'GET', '/swagger-config.json', 1, '2020-08-14 10:35:19', '1', 5, 1, NULL),
	(262, 'GET', '/webjars/swagger-ui/index.html?configUrl=/swagger-config.json', 1, '2020-08-14 10:35:20', '1', 5, 1, NULL),
	(263, 'GET', '/auth/v3/api-docs', 1, '2020-08-10 06:31:05', '1', 2, 1, NULL),
	(264, 'POST', '/tripione/hotels/search', 1, '2020-08-18 09:40:25', '1', 5, 1, NULL),
	(265, 'POST', '/tripione/hotels/prices', 1, '2020-08-18 10:38:54', '1', 5, 1, NULL),
	(266, 'GET', '/tripione/hotels/reviews', 1, '2020-08-18 10:38:54', '1', 5, 1, NULL),
	(267, 'POST', '/tripione/hotels/details', 1, '2020-08-18 10:38:55', '1', 5, 1, NULL),
	(268, 'GET', '/msgs/example', 1, '2020-08-19 02:42:01', '1', 14, 1, NULL),
	(269, 'POST', '/tripione/hotels/book', 1, '2020-08-19 06:18:55', '1', 5, 1, NULL),
	(270, 'GET', '/ams/permission/get-detail', 1, '2020-08-19 08:21:04', '1', 2, 1, NULL),
	(271, 'POST', '/tripione/trips/booking', 1, '2020-08-20 03:13:34', '1', 5, 1, NULL),
	(272, 'POST', '/tripione/users/upload', 1, '2020-09-03 02:53:35', '1', 5, 1, NULL),
	(273, 'POST', '/tripione/trips/filter', 1, '2020-08-21 04:37:11', '1', 5, 1, NULL),
	(274, 'POST', '/tripione/admins/corporates/filter', 1, '2020-08-11 00:00:00', '1', 5, 1, NULL),
	(275, 'PUT', '/tripione/admins/corporates', 1, '2020-08-11 00:00:00', '1', 5, 1, NULL),
	(276, 'PUT', '/tripione/admins/corporates/active', 1, '2020-08-11 00:00:00', '1', 5, 1, NULL),
	(277, 'PUT', '/tripione/admins/corporates/inactive', 1, '2020-08-11 00:00:00', '1', 5, 1, NULL),
	(278, 'PUT', '/tripione/admins/corporates/license-accounts', 1, '2020-08-11 00:00:00', '1', 5, 1, NULL),
	(279, 'POST', '/msgs/email/send-sync', 1, '2020-09-04 07:09:44', '1', 14, 1, NULL),
	(280, 'POST', '/auth/service/get-keys', 1, '2020-07-14 03:05:38', '1', 2, 1, ''),
	(281, 'PUT', '/ams/service/update-role', 1, '2020-08-24 04:21:25', '1', 2, 1, NULL),
	(282, 'POST', '/tripione/users/save-users', 1, '2020-09-03 02:53:11', '1', 5, 1, NULL),
	(283, 'POST', '/tripione/users/processing-users', 1, '2020-09-07 04:33:49', '1', 5, 1, NULL),
	(284, 'POST', '/auth/service/get-tokens', 1, '2020-08-07 02:58:47', '1', 2, 1, ''),
	(285, 'POST', '/auth/token/generate', 1, '2020-08-07 02:58:47', '1', 2, 1, ''),
	(286, 'POST', '/msgs/sms/send-sync', 1, '2020-09-04 07:09:47', '1', 14, 1, NULL),
	(287, 'POST', '/msgs/FCMtest', 1, '2020-08-11 00:00:00', '1', 14, 1, NULL),
	(288, 'PUT', '/tripione/accounts/brief', 1, '2020-08-04 06:21:38', '1', 5, 1, NULL),
	(289, 'GET', '/tripione/trips/details', 1, '2020-08-26 09:18:08', '1', 5, 1, NULL),
	(290, 'POST', '/ams/secret-key/generate-secret-key', 1, '2020-09-03 07:58:28', '1', 2, 1, ''),
	(291, 'GET', '/ams/secret-key/check-exist-secret-keys', 1, '2020-09-03 07:58:28', '1', 2, 1, ''),
	(292, 'GET', '/ams/account/details', 1, '2020-07-28 10:29:43', '1', 2, 1, NULL),
	(293, 'GET', '/blackeyes/hotels', 1, '2020-08-28 06:35:01', '1', 16, 1, NULL),
	(294, 'GET', '/blackeyes/similars', 1, '2020-08-28 06:35:01', '1', 16, 1, NULL),
	(295, 'GET', '/blackeyes/compare_prices', 1, '2020-08-28 06:35:01', '1', 16, 1, NULL),
	(296, 'GET', '/blackeyes/prices', 1, '2020-08-28 06:35:01', '1', 16, 1, NULL),
	(297, 'GET', '/blackeyes/ondemand_prices', 1, '2020-08-28 06:35:01', '1', 16, 1, NULL),
	(298, 'POST', '/blackeyes/mapping', 1, '2020-08-28 06:35:01', '1', 16, 1, NULL),
	(299, 'POST', '/blackeyes/tracking', 1, '2020-08-28 06:35:01', '1', 16, 1, NULL),
	(300, 'GET', '/blackeyes/health/check', 1, '2020-08-28 06:35:01', '1', 16, 1, NULL),
	(301, 'PUT', '/msgs/sms/config', 1, '2020-08-11 00:00:00', '1', 14, 1, NULL),
	(302, 'POST', '/msgs/sms/config', 1, '2020-08-11 00:00:00', '1', 14, 1, NULL),
	(303, 'DELETE', '/msgs/sms/config', 1, '2020-08-11 00:00:00', '1', 14, 1, NULL),
	(304, 'GET', '/msgs/sms/config', 1, '2020-08-11 00:00:00', '1', 14, 1, NULL),
	(305, 'POST', '/msgs/email/config', 1, '2020-08-11 00:00:00', '1', 14, 1, NULL),
	(306, 'PUT', '/msgs/email/config', 1, '2020-08-11 00:00:00', '1', 14, 1, NULL),
	(307, 'GET', '/msgs/email/config', 1, '2020-08-11 00:00:00', '1', 14, 1, NULL),
	(308, 'DELETE', '/msgs/email/config', 1, '2020-08-11 00:00:00', '1', 14, 1, NULL),
	(311, 'POST', '/msgs/notify/group/create-group', 1, '2020-10-13 01:44:13', '1', 14, 1, NULL),
	(312, 'POST', '/ams/account/inzone-roles-permissions', 1, '2020-09-01 09:54:55', '1', 2, 1, NULL),
	(313, 'DELETE', '/msgs/sender', 1, '2020-08-11 00:00:00', '1', 14, 1, NULL),
	(314, 'GET', '/msgs/sender', 1, '2020-08-11 00:00:00', '1', 14, 1, NULL),
	(315, 'POST', '/msgs/sender', 1, '2020-08-11 00:00:00', '1', 14, 1, NULL),
	(316, 'PUT', '/msgs/sender', 1, '2020-08-11 00:00:00', '1', 14, 1, NULL),
	(317, 'POST', '/msgs/notify/group/send-to-group', 1, '2020-10-13 01:44:13', '1', 14, 1, NULL),
	(318, 'GET', '/ams/role/inzone', 1, '2020-07-28 10:26:11', '1', 2, 1, NULL),
	(319, 'GET', '/msgs/notify/group/search-group', 1, '2020-10-13 01:44:13', '1', 14, 1, NULL),
	(320, 'GET', '/tripione/admins/corporates', 1, '2020-08-11 00:00:00', '1', 5, 1, NULL),
	(321, 'POST', '/tripione/admins/corporates/users', 1, '2020-09-03 02:50:42', '1', 5, 1, NULL),
	(323, 'POST', '/msgs/notify/group/add-member', 1, '2020-10-13 01:44:13', '1', 14, 1, NULL),
	(324, 'GET', '/ams/zone/list-all', 1, '2020-09-04 02:35:38', '1', 2, 1, NULL),
	(325, 'GET', '/ams/service/list-all', 1, '2020-09-04 02:35:38', '1', 2, 1, NULL),
	(328, 'POST', '/msgs/email/send-async', 1, '2020-09-04 07:09:44', '1', 14, 1, NULL),
	(329, 'POST', '/msgs/email/send-list', 1, '2020-09-04 07:09:44', '1', 14, 1, NULL),
	(331, 'POST', '/msgs/sms/send-async', 1, '2020-09-04 07:09:47', '1', 14, 1, NULL),
	(332, 'POST', '/msgs/sms/send-list', 1, '2020-09-04 07:09:47', '1', 14, 1, NULL),
	(333, 'POST', '/tripione/admins/corporates/logs/filter', 1, '2020-09-03 02:50:42', '1', 5, 1, NULL),
	(334, 'DELETE', '/msgs/notify/group/remove-member', 1, '2020-10-13 01:44:14', '1', 14, 1, NULL),
	(335, 'DELETE', '/msgs/notify/group/delete-group', 1, '2020-10-13 01:44:14', '1', 14, 1, NULL),
	(336, 'PUT', '/tripione/public/accounts/passwords/first-login', 1, '2020-09-07 06:50:39', '1', 5, 1, NULL),
	(337, 'GET', '/tripione/payments/payment-methods', 1, '2020-09-24 07:15:30', '1', 5, 1, NULL),
	(338, 'PUT', '/tripione/payments/payment-methods', 1, '2020-09-24 07:15:30', '1', 5, 1, NULL),
	(339, 'GET', '/tripione/payments/credit', 1, '2020-09-24 07:15:30', '1', 5, 1, NULL),
	(340, 'POST', 'hoangvutest12345', 3, '2020-09-07 09:34:25', NULL, 1, -1, 'hoangvutest12345'),
	(344, 'POST', 'hoangvutest1234567890134', 10, '2020-09-08 02:07:49', NULL, 14, 1, 'hoangvutest1234567890134'),
	(345, 'POST', '/tripione/invoices/filter', 1, '2020-09-07 06:50:39', '1', 5, 1, NULL),
	(347, 'GET', 'hoangvutest123456789013232', 6, '2020-09-08 08:24:38', NULL, 7, 1, 'hoangvutest123456789013232'),
	(348, 'GET', '/tripione/invoices/trip', 1, '2020-09-07 06:50:39', '1', 5, 1, NULL),
	(349, 'POST', '/msgs/notify/token/register', 1, '2020-09-18 07:15:39', '1', 14, 1, NULL),
	(350, 'DELETE', '/msgs/notify/token/unregister', 1, '2020-09-18 07:15:40', '1', 14, 1, NULL),
	(351, 'GET', '/msgs/job/progress', 1, '2020-09-09 02:31:40', '1', 14, 1, NULL),
	(352, 'POST', '/msgs/notify/send-to-app', 1, '2020-09-18 07:15:40', '1', 14, 1, NULL),
	(353, 'GET', '/hms/hotels/photos/imageTypes_bk', 3, '2020-09-10 07:42:01', '1', 1, 1, NULL),
	(354, 'POST', 'testapi', 0, '2020-09-09 07:10:15', NULL, 23, 1, NULL),
	(355, 'POST', 'hoangvutest12345678901324', 14, '2020-09-09 07:53:40', NULL, 14, -1, 'hoangvutest12345678901324'),
	(356, 'GET', 'hoangvutest12345dfsdfsd', 20, '2020-09-09 09:32:17', NULL, 14, -1, 'hoangvutest12345dfsdfsd'),
	(357, 'GET', '/msgs/health-check', 1, '2020-09-10 07:49:11', '1', 14, 1, NULL),
	(358, 'PUT', '/tripione/admins/company-approvals/reject', 1, '2020-09-10 01:56:22', '1', 5, 1, NULL),
	(359, 'POST', '/payment/payment-methods', 3, '2020-09-11 02:45:09', '1', 26, 1, NULL),
	(360, 'POST', '/msgs/notify/app/create-app', 2, '2020-10-13 01:55:31', '1', 14, 1, NULL),
	(361, 'POST', '/ams/account/signup', 4, '2020-07-28 10:26:11', '1', 2, 1, NULL),
	(362, 'GET', '/hms/healthCheck_bk', 1, '2020-09-10 07:41:48', '1', 1, 1, NULL),
	(365, 'GET', '/hms-premium/health-check', 1, '2020-09-10 09:16:59', '1', 25, 1, NULL),
	(366, 'GET', '/hms-premium/hotels/photos/types', 1, '2020-09-10 09:17:14', '1', 25, 1, NULL),
	(367, 'POST', '/tripione/trips/approvals', 1, '2020-09-10 07:51:24', '1', 5, 1, NULL),
	(368, 'GET', '/ams/account/verify-token', 3, '2020-07-28 10:26:11', '1', 2, 1, NULL),
	(369, 'POST', '/ams/account/set-password', 3, '2020-09-11 02:08:08', '1', 2, 1, NULL),
	(370, 'GET', '/msgs/service/register', 1, '2020-09-04 07:09:44', '1', 14, 1, ''),
	(371, 'POST', '/tripione/public/accounts/login', 1, '2020-09-10 10:13:41', '1', 5, 1, NULL),
	(372, 'POST', '/hms-premium/account/signup', 1, '2020-09-10 09:17:14', '1', 25, 1, NULL),
	(373, 'GET', '/ams/account/forget-password', 3, '2020-09-11 02:08:08', '1', 2, 1, NULL),
	(374, 'PUT', '/tripione/invoices/requests', 1, '2020-09-11 04:02:11', '1', 5, 1, NULL),
	(375, 'POST', '/ams/account/get-details', 1, '2020-07-28 10:29:43', '1', 2, 1, NULL),
	(376, 'PUT', '/tripione/invoices/requests/cancel', 1, '2020-09-11 04:02:11', '1', 5, 1, NULL),
	(377, 'POST', '/hms-premium/account/details', 1, '2020-09-10 09:17:14', '1', 25, 1, NULL),
	(378, 'GET', '/tripione/internal/bookings', 1, '2020-09-14 09:26:48', '1', 5, 1, NULL),
	(379, 'GET', '/hms-premium/account/forget-password', 1, '2020-09-10 09:17:14', '1', 25, 1, NULL),
	(380, 'GET', '/ams/account/resend-signup-token', 3, '2020-07-28 10:26:11', '1', 2, 1, NULL),
	(382, 'POST', '/tripione/internal/bookings/confirm', 1, '2020-09-11 04:02:11', '1', 5, 1, NULL),
	(383, 'POST', '/ams/account/edit-detail', 3, '2020-09-11 02:08:08', '1', 2, 1, NULL),
	(384, 'GET', '/hms-premium/account/detail', 1, '2020-09-10 09:17:14', '1', 25, 1, NULL),
	(385, 'PUT', '/hms-premium/account/detail', 1, '2020-09-10 09:17:14', '1', 25, 1, NULL),
	(386, 'GET', '/hms-premium/users/providers/permissions', 3, '2020-09-15 03:06:40', '1', 25, 1, NULL),
	(387, 'POST', '/tripione/trips/approvals/approved', 1, '2020-09-15 04:35:19', '1', 5, 1, NULL),
	(388, 'POST', '/tripione/trips/approvals/rejected', 1, '2020-09-15 04:35:19', '1', 5, 1, NULL),
	(389, 'POST', '/ams/role/create-role-with-permissions', 1, '2020-09-09 10:11:15', '1', 2, 1, NULL),
	(390, 'POST', '/hms-premium/account/set-password', 1, '2020-09-10 09:17:14', '1', 25, 1, NULL),
	(391, 'POST', '/hms-premium/account/sub-account', 1, '2020-09-10 09:17:14', '1', 25, 1, NULL),
	(392, 'POST', '/hms-premium/account/members', 1, '2020-09-16 13:04:56', '1', 25, 1, NULL),
	(393, 'GET', '/hms-premium/group-operators/init-group', 7, '2020-09-10 09:17:14', '1', 25, -1, NULL),
	(394, 'POST', '/payment/payments', 5, '2020-09-15 08:43:58', NULL, 26, 1, 'Thanh toán'),
	(395, 'POST', '/hms-premium/group-operators/create-group-admin', 7, '2020-09-15 10:18:06', NULL, 25, -1, NULL),
	(396, 'GET', '/ams/account/permissions', 1, '2020-07-28 10:29:42', '1', 2, 1, NULL),
	(397, 'GET', '/tripione/companies/settings/roles/detail', 1, '2020-09-15 04:35:19', '1', 5, 1, NULL),
	(398, 'DELETE', '/tripione/trips/approvals/cancelled', 1, '2020-09-16 08:14:29', '1', 5, 1, NULL),
	(399, 'DELETE', '/tripione/trips/cancellation', 1, '2020-09-16 08:14:29', '1', 5, 1, NULL),
	(400, 'GET', '/hms-premium/account/signup-resend', 1, '2020-09-10 09:17:14', '1', 25, 1, NULL),
	(401, 'POST', '/ams/account/change-password', 3, '2020-09-11 02:08:08', '1', 2, 1, NULL),
	(402, 'POST', '/msgs/notify/send-to-group-async', 1, '2020-09-18 07:15:40', '1', 14, 1, NULL),
	(403, 'POST', '/msgs/notify/send-to-app-async', 1, '2020-09-18 07:15:40', '1', 14, 1, NULL),
	(404, 'POST', '/msgs/notify/group/add-member-async', 1, '2020-10-13 01:49:44', '1', 14, 1, NULL),
	(405, 'DELETE', '/msgs/notify/group/remove-member-async', 1, '2020-10-13 01:49:53', '1', 14, 1, NULL),
	(406, 'POST', '/msgs/notify/send-to-user-async', 1, '2020-09-18 07:15:40', '1', 14, 1, NULL),
	(407, 'POST', '/ams/account/search', 1, '2020-07-28 10:29:42', '1', 2, 1, NULL),
	(408, 'POST', '/ams/role/revoke-permissions', 1, '2020-09-09 10:11:15', '1', 2, 1, NULL),
	(409, 'POST', '/hms-premium/group-operators/all-group', 4, '2020-09-15 10:18:06', '1', 25, -1, NULL),
	(410, 'GET', '/tripione/flights/general-info', 1, '2020-09-16 08:14:29', '1', 5, 1, NULL),
	(411, 'GET', '/tripione/flights/locations-information', 1, '2020-08-03 02:00:57', '1', 5, 1, NULL),
	(412, 'GET', '/tripione/flights/general-information', 1, '2020-08-03 02:00:57', '1', 5, 1, NULL),
	(413, 'POST', '/tripione/flights/insurance/validate', 1, '2020-08-03 02:00:57', '1', 5, 1, NULL),
	(414, 'GET', '/tripione/flights/countries', 1, '2020-08-03 02:00:57', '1', 5, 1, NULL),
	(415, 'GET', '/tripione/flights/top-destinations', 1, '2020-08-03 02:00:57', '1', 5, 1, NULL),
	(416, 'GET', '/hms-premium/group-operators/detail-group', 2, '2020-09-18 07:11:32', NULL, 25, -1, NULL),
	(417, 'GET', '/hms-premium/group-users/init-group', 0, '2020-09-18 09:02:12', NULL, 25, 1, NULL),
	(418, 'POST', '/ams/role/renew-permissions', 1, '2020-09-09 10:11:15', '1', 2, 1, NULL),
	(419, 'GET', '/ams/account/find-by-email', 1, '2020-07-28 10:29:43', '1', 2, 1, NULL),
	(420, 'POST', '/hms-premium/account/invite', 1, '2020-09-10 09:17:14', '1', 25, 1, NULL),
	(421, 'POST', '/hms-premium/account/accept-invitation', 1, '2020-09-10 09:17:14', '1', 25, 1, NULL),
	(422, 'GET', '/hms-premium/account/invite-verify', 1, '2020-09-10 09:17:14', '1', 25, 1, NULL),
	(423, 'POST', '/hms-premium/group-operators/hotel-admin/all-group', 2, '2020-09-21 09:11:35', NULL, 25, -1, NULL),
	(424, 'POST', '/tripione/admins/reports/filter', 1, '2020-09-21 09:28:27', '1', 5, 1, NULL),
	(425, 'POST', '/msgs/notify/send-to-user', 1, '2020-09-21 18:13:00', '1', 14, 1, NULL),
	(426, 'GET', '/ams/account/roles', 1, '2020-07-28 10:29:43', '1', 2, 1, NULL),
	(427, 'POST', '/tripione/payments', 1, '2020-09-22 03:42:52', NULL, 5, 1, 'API to pay Trip'),
	(428, 'POST', '/hms-premium/group-operators/update-group', 2, '2020-09-22 03:59:56', NULL, 25, -1, NULL),
	(429, 'POST', '/hms-premium/group-operators/init-group', 2, '2020-09-22 04:17:32', NULL, 25, -1, NULL),
	(430, 'GET', '/hms-premium/group-operators/hotel-admin/init-group', 3, '2020-09-22 04:17:32', '1', 25, -1, NULL),
	(431, 'POST', '/ams/account/create', 1, '2020-07-28 10:29:43', '1', 2, 1, NULL),
	(432, 'GET', '/ams/service/get-detail', 1, '2020-09-22 07:33:59', NULL, 2, 1, NULL),
	(433, 'PUT', '/ams/service/assign-role', 1, '2020-09-22 07:35:02', NULL, 2, 1, NULL),
	(434, 'PUT', '/ams/service/revoke-role', 2, '2020-09-22 07:35:51', NULL, 2, 1, NULL),
	(435, 'POST', '/ams/role/assign-role-permissions', 1, '2020-07-28 10:29:40', '1', 2, 1, NULL),
	(436, 'POST', '/tripione/admins/reports/download', 1, '2020-09-21 09:28:27', '1', 5, 1, NULL),
	(437, 'GET', '/tripione/hotels/top-hotel-location', 1, '2020-09-21 09:28:27', '1', 5, 1, NULL),
	(438, 'GET', '/tripione/hotels/autocomplete', 1, '2020-09-21 09:28:27', '1', 5, 1, NULL),
	(439, 'POST', '/tripione/hotels/related-hotels', 1, '2020-09-21 09:28:27', '1', 5, 1, NULL),
	(440, 'GET', '/tripione/hotels/favorites', 1, '2020-09-21 09:28:27', '1', 5, 1, NULL),
	(441, 'POST', '/tripione/hotels/favorites/remove', 1, '2020-09-21 09:28:27', '1', 5, 1, NULL),
	(442, 'POST', '/tripione/hotels/favorites/add', 1, '2020-09-21 09:28:27', '1', 5, 1, NULL),
	(443, 'POST', '/ams/account/search-in-zone', 1, '2020-07-28 10:29:42', '1', 2, 1, NULL),
	(444, 'DELETE', '/hms-premium/group-operators/delete-group', 2, '2020-09-23 12:01:44', NULL, 25, -1, NULL),
	(445, 'GET', '/hms-premium/info/bed-types', 2, '2020-10-02 12:11:32', '1', 25, 1, NULL),
	(446, 'GET', '/payment/health-check', 4, '2020-09-24 07:27:26', NULL, 26, 1, NULL),
	(447, 'GET', '/tripione/companies/settings/budget-policies/generals', 1, '2020-09-24 08:16:45', NULL, 5, 1, 'Lấy các giá trị cài đặt cho hãng hàng không, hạng vé'),
	(448, 'POST', 'hoangvutest', 15, '2020-09-24 10:10:21', NULL, 2, 1, 'hoangvutest'),
	(450, 'GET', '/hms-premium/hotels/search-approved', 4, '2020-09-24 14:24:19', NULL, 25, 1, 'quick search approved hotel'),
	(451, 'GET', '/auth/role/get-role-of-user', 1, '2020-09-25 03:16:48', NULL, 2, 1, NULL),
	(452, 'POST', '/auth/role/check-role-access-api', 1, '2020-09-25 03:17:18', NULL, 2, 1, NULL),
	(453, 'GET', '/hms-premium/users/search', 1, '2020-09-25 03:51:50', NULL, 25, 1, NULL),
	(454, 'POST', '/payment/bookings/notify', 1, '2020-09-25 07:25:59', NULL, 26, 1, NULL),
	(455, 'DELETE', '/tripione/trips/booking', 1, '2020-09-25 07:38:13', '1', 5, 1, NULL),
	(456, 'POST', '/payment/payments/status', 1, '2020-09-25 14:34:37', NULL, 26, 1, NULL),
	(457, 'GET', '/hms-premium/hotels/chains', 1, '2020-09-24 14:24:19', '1', 25, 1, NULL),
	(458, 'POST', '/hms-premium/hotels/chains', 1, '2020-09-24 14:24:19', '1', 25, 1, NULL),
	(459, 'PUT', '/hms-premium/hotels/chains', 1, '2020-09-24 14:24:19', '1', 25, 1, NULL),
	(460, 'DELETE', '/hms-premium/hotels/chains', 1, '2020-09-24 14:24:19', '1', 25, 1, NULL),
	(461, 'POST', '/hms-premium/hotels/approval', 2, '2020-09-24 14:24:19', '1', 25, 1, NULL),
	(462, 'POST', '/hms-premium/group-operators/assignUser', 2, '2020-09-28 05:15:19', NULL, 25, -1, NULL),
	(463, 'POST', '/hms-premium/hotels/contacts/info', 1, '2020-09-24 14:24:19', '1', 25, 1, NULL),
	(464, 'POST', '/hms-premium/hotels/payments/info', 3, '2020-09-24 14:24:19', '1', 25, 1, NULL),
	(465, 'GET', '/hms-premium/hotels/divisions', 2, '2020-09-24 14:24:19', '1', 25, -1, NULL),
	(466, 'GET', '/hms-premium/hotels/contacts/info', 1, '2020-09-24 14:24:19', '1', 25, 1, NULL),
	(467, 'GET', '/hms-premium/hotels/payments/info', 3, '2020-09-24 14:24:19', '1', 25, 1, NULL),
	(468, 'GET', '/hms-premium/info/room-features', 1, '2020-10-02 12:12:41', '1', 25, 1, NULL),
	(469, 'GET', '/hms-premium/info/room-views', 0, '2020-10-02 12:12:41', NULL, 25, 1, 'get all room views'),
	(470, 'GET', '/hms-premium/info/room-types', 0, '2020-10-02 12:12:41', '1', 25, 1, 'get all room views'),
	(471, 'POST', '/hms-premium/hotels/registration/general-info', 1, '2020-09-29 09:23:51', NULL, 25, 1, NULL),
	(472, 'GET', '/recommendation/health-check', 1, '2020-09-29 09:44:25', NULL, 9, 1, NULL),
	(474, 'POST', '/msgs/notify/send-list', 1, '2020-09-29 10:09:03', '1', 14, 1, NULL),
	(475, 'POST', '/hms-premium/rooms/room-photos', 1, '2020-09-24 14:24:19', '1', 25, 1, NULL),
	(476, 'DELETE', '/hms-premium/rooms/room-photos', 1, '2020-09-24 14:24:19', '1', 25, 1, NULL),
	(478, 'POST', '/hms-premium/rooms', 5, '2020-09-30 03:42:13', NULL, 25, 1, 'create room in hotel'),
	(479, 'POST', '/recommendation/hotels/suggestRelatedHotels', 1, '2020-09-30 04:40:08', NULL, 9, 1, NULL),
	(481, 'POST', '/hms-premium/hotels/roomRate/createRatePackage', 3, '2020-09-30 09:44:15', NULL, 25, 1, NULL),
	(482, 'PUT', '/hms-premium/hotels/roomRate/updateRatePackage', 1, '2020-09-30 09:54:27', NULL, 25, 1, NULL),
	(483, 'PUT', '/hms-premium/hotels/roomRate/deleteRatePackage', 2, '2020-09-30 09:54:52', NULL, 25, 1, NULL),
	(484, 'GET', '/hms-premium/hotels/roomRate/getAllRatePackage', 1, '2020-09-30 09:55:09', NULL, 25, 1, NULL),
	(485, 'DELETE', '/hms-premium/rooms', 2, '2020-09-30 10:24:08', NULL, 25, 1, ''),
	(486, 'POST', '/hms-premium/rooms/room-photos/reorder', 1, '2020-09-30 10:28:38', NULL, 25, 1, 're order photo in room'),
	(487, 'GET', '/hms-premium/hotels/roomRate/getAllChannel', 1, '2020-10-01 01:46:47', NULL, 25, 1, NULL),
	(488, 'GET', '/hms-premium/hotels/roomRate/getAllRateType', 1, '2020-10-01 01:47:48', NULL, 25, 1, NULL),
	(489, 'GET', '/hms-premium/rooms', 1, '2020-10-01 03:17:50', NULL, 25, 1, 'get room detail'),
	(490, 'GET', '/hms-premium/v2/api-docs', 1, '2020-10-01 03:04:16', NULL, 25, 1, NULL),
	(491, 'POST', '/hms-premium/packageRate/assignToHotels', 2, '2020-10-01 04:59:08', NULL, 25, 1, NULL),
	(492, 'GET', '/hms-premium/packageRate/getHotelPackageRate', 1, '2020-10-01 06:33:26', NULL, 25, 1, NULL),
	(493, 'POST', '/hms-premium/packageRate/removeFromHotels', 1, '2020-10-01 06:34:20', NULL, 25, 1, NULL),
	(494, 'POST', '/hms-premium/packageRate/auditLogs', 1, '2020-10-01 06:35:04', NULL, 25, 1, NULL),
	(495, 'GET', '/hms-premium/hotels/categories', 1, '2020-10-01 09:54:49', NULL, 25, 1, NULL),
	(496, 'GET', '/hms-premium/hotels/gallery', 3, '2020-10-02 02:03:02', NULL, 25, 1, NULL),
	(497, 'POST', '/hms-premium/hotels/gallery', 3, '2020-10-02 02:03:47', NULL, 25, 1, NULL),
	(498, 'DELETE', '/hms-premium/hotels/gallery', 3, '2020-10-02 02:04:06', NULL, 25, 1, NULL),
	(499, 'GET', '/hms-premium/hotels/gallery/rooms', 3, '2020-10-02 02:05:07', NULL, 25, 1, NULL),
	(500, 'GET', '/hms-premium/info/banks', 0, '2020-10-02 12:12:41', '1', 25, 1, 'get all room views'),
	(501, 'GET', '/tripione/users/countries', 1, '2020-09-25 07:38:13', '1', 5, 1, NULL),
	(502, 'PUT', '/hms-premium/rooms', 1, '2020-10-05 02:02:36', NULL, 25, 1, NULL),
	(503, 'GET', '/hms-premium/hotels/amenities', 4, '2020-10-05 03:09:40', NULL, 25, 1, NULL),
	(504, 'GET', '/tripione/flights/search/airport', 1, '2020-09-25 07:38:13', '1', 5, 1, NULL),
	(505, 'GET', '/tripione/hotels/suggest', 1, '2020-09-25 07:38:13', '1', 5, 1, NULL),
	(506, 'POST', '/tripione/flights/search/hot-ticket', 1, '2020-10-05 10:02:26', '1', 5, 1, NULL),
	(507, 'GET', '/hms-premium/info/default-cancellation-policy', 1, '2020-10-06 02:19:17', NULL, 25, 1, 'get all default cancellation policy'),
	(508, 'POST', '/hms-premium/hotels/policies', 1, '2020-10-06 09:33:05', NULL, 25, 1, 'upsert policy all in one'),
	(509, 'POST', '/hms-premium/hotels/registration', 1, '2020-10-06 11:07:24', NULL, 25, 1, NULL),
	(510, 'GET', '/hms-premium/info/room-classes', 1, '2020-10-06 11:55:08', NULL, 25, 1, NULL),
	(511, 'GET', '/hms-premium/hotels/policies', 1, '2020-10-06 13:04:47', NULL, 25, 1, NULL),
	(512, 'POST', '/tripione/companies/settings/quick-setup', 1, '2020-10-07 05:34:58', '1', 5, 1, NULL),
	(513, 'GET', '/hms-premium/info/room-features/types', 1, '2020-10-07 07:10:10', NULL, 25, 1, NULL),
	(514, 'POST', '/hms-premium/rooms/batch', 1, '2020-10-07 10:13:38', NULL, 25, 1, NULL),
	(515, 'DELETE', '/hms-premium/rooms/batch', 1, '2020-10-07 10:34:41', NULL, 25, 1, NULL),
	(516, 'PUT', '/hms-premium/rooms/batch', 1, '2020-10-07 10:54:47', NULL, 25, 1, NULL),
	(517, 'GET', '/hms-premium/info/photos/types', 1, '2020-10-08 04:05:12', '1', 25, 1, NULL),
	(518, 'GET', '/hms-premium/hotels/getCountry', 1, '2020-10-08 04:27:37', '', 25, 1, NULL),
	(519, 'GET', '/hms-premium/hotels/general-album', 3, '2020-10-08 05:43:02', '1', 25, 1, NULL),
	(520, 'POST', '/hms-premium/hotels/gallery/reorder', 3, '2020-10-02 02:03:47', '1', 25, 1, NULL),
	(521, 'POST', '/hms-premium/hotels/general-album', 3, '2020-10-08 05:43:02', '1', 25, 1, NULL),
	(522, 'DELETE', '/hms-premium/hotels/general-album', 3, '2020-10-08 05:43:02', '1', 25, 1, NULL),
	(523, 'POST', '/hms-premium/hotels/general-album/reorder', 3, '2020-10-08 05:43:02', '1', 25, 1, NULL),
	(524, 'GET', '/hms-premium/info/location/districts', 1, '2020-10-09 04:22:15', NULL, 25, 1, NULL),
	(525, 'GET', '/hms-premium/info/location/provinces', 1, '2020-10-09 04:22:31', NULL, 25, 1, NULL),
	(526, 'GET', '/sample/ws', 1, '2020-10-12 02:40:24', NULL, 4, 1, 'upgrade websocket'),
	(527, 'GET', '/hms-premium/hotels/general-info', 3, '2020-10-12 03:29:58', NULL, 25, 1, NULL),
	(528, 'GET', '/tripione/companies/settings/individual/policies', 1, '2020-10-07 05:34:58', '1', 5, 1, NULL),
	(529, 'POST', '/hms-premium/rate-packages', 2, '2020-10-12 04:43:56', NULL, 25, 1, NULL),
	(530, 'GET', '/hms-premium/rate-packages', 2, '2020-10-12 09:04:41', NULL, 25, 1, NULL),
	(533, 'PUT', '/msgs/notify/app/update-app', 1, '2020-10-13 01:57:13', '1', 14, 1, NULL),
	(534, 'DELETE', '/msgs/notify/app/delete-app', 1, '2020-10-13 01:57:30', '1', 14, 1, NULL),
	(535, 'GET', '/msgs/notify/app/list-app', 1, '2020-10-13 01:57:55', '1', 14, 1, NULL),
	(536, 'POST', '/msgs/notify/config/create', 1, '2020-10-13 01:58:37', '1', 14, 1, NULL),
	(537, 'PUT', '/msgs/notify/config/update-config', 1, '2020-10-13 01:59:24', '1', 14, 1, NULL),
	(538, 'DELETE', '/msgs/notify/config/delete-config', 1, '2020-10-13 01:59:50', '1', 14, 1, NULL),
	(539, 'GET', '/msgs/notify/config/list-config', 1, '2020-10-13 02:00:49', '1', 14, 1, NULL),
	(540, 'GET', '/msgs/notify/config/list-active-config', 1, '2020-10-13 02:01:03', '1', 14, 1, NULL),
	(541, 'GET', '/msgs/notify/config/list-all-config', 1, '2020-10-13 02:01:13', '1', 14, 1, NULL),
	(542, 'GET', '/hms-premium/rate-packages/list', 2, '2020-10-13 04:51:38', NULL, 25, 1, NULL),
	(543, 'GET', '/hms-premium/rate-types', 2, '2020-10-13 06:58:05', NULL, 25, 1, NULL),
	(544, 'GET', '/hms-premium/info/banks/branches', 1, '2020-10-13 07:02:08', NULL, 25, 1, NULL),
	(545, 'POST', '/hms-premium/hotels/update-hotel-nearby', 1, '2020-10-26 07:48:45', NULL, 25, 1, 'Thêm mới địa điểm xung quanh khách sạn'),
	(546, 'GET', '/tripione/transactions/applied-banks', 1, '2020-10-13 08:51:12', NULL, 5, 1, 'API get active bank '),
	(547, 'POST', '/tripione/admins/reports/flights/filter', 1, '2020-11-09 03:07:44', '1', 5, 1, 'API get active bank '),
	(548, 'PUT', '/hms-premium/rate-packages', 4, '2020-10-13 10:15:53', NULL, 25, 1, NULL),
	(549, 'DELETE', '/hms-premium/rate-packages', 4, '2020-10-14 02:50:26', NULL, 25, 1, NULL),
	(550, 'POST', '/tripione/transactions/topup', 1, '2020-10-14 03:26:54', NULL, 5, 1, NULL),
	(551, 'POST', '/tripione/transactions/histories', 1, '2020-10-14 03:28:41', NULL, 5, 1, NULL),
	(552, 'POST', '/hms-premium/hotels/rate-packages/list', 2, '2020-10-14 05:41:55', NULL, 25, 1, NULL),
	(553, 'GET', '/hms-premium/channels', 1, '2020-10-14 10:08:17', NULL, 25, 1, NULL),
	(554, 'POST', '/tripione/admins/reports/hotels/filter', 1, '2020-11-09 03:07:44', '1', 5, 1, 'API get active bank '),
	(555, 'GET', '/msgs/notify/count-unread', 1, '2020-10-15 04:11:26', NULL, 14, 1, NULL),
	(556, 'GET', '/msgs/notify/list-notify', 1, '2020-10-15 07:48:31', NULL, 14, 1, NULL),
	(557, 'POST', '/hms-premium/hotels/rate-packages/update-rates-single', 2, '2020-10-15 12:48:19', NULL, 25, 1, NULL),
	(558, 'POST', '/msgs/notify/mark-read', 1, '2020-10-15 08:17:31', NULL, 14, 1, NULL),
	(559, 'POST', '/msgs/notify/mark-all-read', 1, '2020-10-15 08:28:43', NULL, 14, 1, NULL),
	(560, 'POST', '/hms-premium/hotels/rate-packages/update-rates-multiple', 3, '2020-10-15 12:47:13', '1', 25, 1, NULL),
	(561, 'POST', '/hms-premium/hotels/approval/search', 3, '2020-10-16 02:18:13', NULL, 25, 1, 'get list approval hotel'),
	(562, 'GET', '/chat/ws/info', 2, '2020-10-16 02:20:02', NULL, 32, 1, NULL),
	(563, 'POST', '/tripione/admins/reports/flights/download', 1, '2020-11-09 03:07:44', '1', 5, 1, NULL),
	(564, 'GET', '/train/allCategory', 1, '2020-10-16 03:57:18', NULL, 33, 1, 'Lấy thông tin chung'),
	(565, 'POST', '/train/search', 1, '2020-10-16 03:59:28', NULL, 33, 1, 'Tìm kiếm chuyến tàu'),
	(566, 'GET', '/train/getSeatByCarriage', 1, '2020-10-16 04:00:38', NULL, 33, 1, 'Lấy sơ đồ ghế của toa tàu'),
	(567, 'POST', '/train/holdSeat', 1, '2020-10-16 04:02:16', NULL, 33, 1, 'Khóa giữ chỗ được chọn'),
	(568, 'POST', '/train/bookTicket', 1, '2020-10-16 04:03:51', NULL, 33, 1, 'Khởi tạo đơn hàng'),
	(569, 'POST', '/train/bookingHistory', 1, '2020-10-16 04:05:27', NULL, 33, 1, 'Lịch sử đặt vé của người dùng đăng nhập'),
	(570, 'POST', '/train/payment', 1, '2020-10-16 04:06:56', NULL, 33, 1, 'Thanh toán đơn hàng'),
	(571, 'GET', '/train/paymentMethod', 1, '2020-10-16 04:07:46', NULL, 33, 1, 'Lấy thông tin các phương thức thanh toán đơn hàng'),
	(572, 'POST', '/train/paymentCallback', 1, '2020-10-16 04:09:39', NULL, 33, 1, 'Nhận tín hiệu thanh toán trả về từ cổng thanh toán'),
	(573, 'POST', '/train/issueTicket', 1, '2020-10-16 04:14:26', NULL, 33, 1, 'Nhận thông tin xuất vé trả về từ VNPAY'),
	(574, 'GET', '/train/getBookDetail', 1, '2020-10-16 04:15:48', NULL, 33, 1, 'Chi tiết đơn hàng'),
	(575, 'POST', '/train/refundTicket', 1, '2020-10-16 04:16:30', NULL, 33, 1, 'Ghi nhận thông tin hủy vé'),
	(576, 'POST', '/train/getBookingInformation', 1, '2020-10-16 04:19:18', NULL, 33, 1, 'Chi tiết đơn hàng với id mã hóa'),
	(577, 'GET', '/train/bookings/resend-email', 1, '2020-10-16 04:20:06', NULL, 33, 1, 'Gửi lại mặt vé'),
	(578, 'DELETE', '/train/removeBook', 1, '2020-10-16 04:21:28', NULL, 33, 1, 'Xóa đơn hàng khỏi lịch sử'),
	(579, 'POST', '/chat/user/list-online-status', 2, '2020-10-16 04:31:01', NULL, 32, 1, NULL),
	(580, 'POST', '/msgs/notify/reset-count', 1, '2020-10-16 04:48:59', NULL, 14, 1, NULL),
	(581, 'POST', '/train/crm/search', 1, '2020-10-16 04:51:56', NULL, 33, 1, 'Tìm kiếm đơn hàng'),
	(582, 'GET', '/train/crm/status', 1, '2020-10-16 04:53:25', NULL, 33, 1, 'Lấy danh sách trạng thái đơn hàng'),
	(583, 'GET', '/train/crm/statusPayment', 1, '2020-10-16 04:54:45', NULL, 33, 1, 'Danh sách các trạng thái thanh toán'),
	(584, 'GET', '/msgs/v3/api-docs', 1, '2020-10-16 05:56:55', '1', 14, 1, NULL),
	(585, 'POST', '/train/crm/assignbooking', 1, '2020-10-16 06:22:06', NULL, 33, 1, 'Nhận xử lý đơn hàng'),
	(586, 'POST', '/train/crm/updatesalehandlingstatus', 1, '2020-10-16 06:23:31', NULL, 33, 1, 'Cập nhật trạng thái xử lý đơn hàng'),
	(587, 'POST', '/train/crm/exportdetailpayment', 1, '2020-10-16 06:24:54', NULL, 33, 1, 'Xuất báo cáo chi tiết thanh toán'),
	(588, 'POST', '/train/crm/exportsummarypayment', 1, '2020-10-16 06:26:09', NULL, 33, 1, 'Xuất báo cáo tổng hợp thanh toán'),
	(589, 'POST', '/train/crm/resendemail', 1, '2020-10-16 06:27:46', NULL, 33, 1, 'Gửi lại email trên CRM'),
	(590, 'POST', '/train/crm/resendsms', 1, '2020-10-16 06:28:53', NULL, 33, 1, 'Gửi lại SMS trên CRM'),
	(591, 'POST', '/train/crm/confirmticketissued', 2, '2020-10-16 06:30:19', NULL, 33, 1, 'CSKH xác nhận đổi trạng thái đơn hàng sang xuất vé thành công trên CRM'),
	(592, 'POST', '/train/crm/uploadImages', 1, '2020-10-16 06:31:37', NULL, 33, 1, 'Tải ảnh lên'),
	(593, 'POST', '/train/crm/saveNote', 1, '2020-10-16 06:32:35', NULL, 33, 1, 'Thêm ghi chú'),
	(594, 'GET', '/train/crm/getNotes', 1, '2020-10-16 06:33:21', NULL, 33, 1, 'Lấy danh sách ghi chú'),
	(595, 'GET', '/train/crm/getBalanceAirTime', 1, '2020-10-16 06:34:16', NULL, 33, 1, 'Truy vấn số dư ví Airtime'),
	(596, 'POST', '/train/crm/getBookingDetail', 1, '2020-10-16 06:35:40', NULL, 33, 1, 'Lấy chi tiết đơn hàng trên CRM'),
	(597, 'POST', '/train/crm/detailpayment', 1, '2020-10-16 06:36:51', NULL, 33, 1, 'Lấy thông tin báo cáo chi tiết thanh toán'),
	(598, 'POST', '/train/crm/summarypayment', 1, '2020-10-16 06:40:59', NULL, 33, 1, 'Lấy thông tin báo cáo tổng hợp thanh toán'),
	(599, 'POST', '/train/crm/logs', 1, '2020-10-16 06:44:24', NULL, 33, 1, 'Lấy log xử lý đơn hàng trên CRM (bởi hệ thống và CSKH, ...)'),
	(600, 'POST', '/train/crm/confirmPaymentStatus', 1, '2020-10-16 06:56:17', NULL, 33, 1, 'Cập nhật trạng thái thanh toán (CS xử lý tay và đổi)'),
	(601, 'POST', '/train/crm/updaterefundaccount', 2, '2020-10-16 06:59:03', NULL, 33, 1, 'Cập nhật thông tin tài khoản đươc hoàn trên CRM (CS xử lý trường hợp không thể xuất vé do hết hạn thanh toán)'),
	(602, 'POST', '/train/crm/listrefund', 1, '2020-10-16 07:03:36', NULL, 33, 1, 'Lấy danh sách yêu cầu hoàn vé'),
	(603, 'POST', '/train/crm/exportdetailrefund', 1, '2020-10-16 07:04:43', NULL, 33, 1, 'Xuất báo cáo chi tiết hủy'),
	(604, 'POST', '/train/crm/summaryrefund', 1, '2020-10-16 07:07:15', NULL, 33, 1, 'Lấy báo cáo tổng hợp hủy'),
	(605, 'POST', '/train/crm/refundbysystem', 1, '2020-10-16 07:08:36', NULL, 33, 1, 'Hoàn tay trên CRM'),
	(606, 'POST', '/train/crm/updaterefundstatus', 1, '2020-10-16 07:14:34', NULL, 33, 1, 'Kế toán xác nhận hoàn tiền cho yêu cầu hoàn'),
	(607, 'GET', '/train/crm/getrefundinfo', 1, '2020-10-16 07:16:53', NULL, 33, 1, 'Lấy thông tin tài khoản hoàn tiền nhập bởi CSKH'),
	(608, 'POST', '/train/crm/retryissueticket', 1, '2020-10-16 07:18:33', NULL, 33, 1, 'Gửi yêu cầu xuất vé (CSKH xử lý khi đơn còn hạn và xác nhận đc việc khách trả tiền)'),
	(609, 'GET', '/train/crm/getBookDetail', 1, '2020-10-16 07:19:39', NULL, 33, 1, 'Lấy chi tiết đơn hàng trên CRM'),
	(610, 'POST', '/train/crm/exportsummaryrefund', 1, '2020-10-16 07:34:58', NULL, 33, 1, 'Xuất báo cáo tổng hợp yêu cầu hủy'),
	(611, 'POST', '/hms-premium/hotels/registration/amenities', 1, '2020-10-16 08:10:14', NULL, 25, 1, NULL),
	(612, 'POST', '/tripione/admins/reports/hotels/download', 1, '2020-11-09 03:07:44', '1', 5, 1, NULL),
	(613, 'GET', '/tripione/dashboard/general-information', 1, '2020-10-19 04:32:37', '1', 5, 1, NULL),
	(620, 'GET', '/hms-premium/hotels/percentage-create-hotel', 1, '2020-10-19 10:10:07', NULL, 25, 1, ''),
	(621, 'GET', '/hms-premium/info/contracts/types', 1, '2020-10-19 10:37:15', NULL, 25, 1, 'get contract type for selection multi lang'),
	(622, 'GET', '/tripione/dashboard/trips', 1, '2020-10-19 04:32:37', '1', 5, 1, NULL),
	(623, 'GET', '/msgs/log/search-log', 1, '2020-10-20 08:28:25', NULL, 14, 1, NULL),
	(624, 'POST', '/hms-premium/hotels/contracts', 1, '2020-10-20 10:15:14', NULL, 25, 1, 'create list contracts'),
	(625, 'GET', '/hms-premium/hotels/contracts', 1, '2020-10-20 10:18:07', NULL, 25, 1, NULL),
	(626, 'GET', '/tripione/dashboard/users', 1, '2020-10-19 04:32:37', '1', 5, 1, NULL),
	(627, 'PUT', '/hms-premium/hotels/contracts/override', 6, '2020-10-20 16:18:49', NULL, 25, -1, NULL),
	(628, 'POST', '/hms-premium/hotels/gallery/progress', 1, '2020-10-21 03:32:44', NULL, 25, 1, 'update and get progress of thư viện ảnh'),
	(629, 'GET', '/hms-premium/hotels/get-hotel-nearby', 1, '2020-10-21 03:48:29', NULL, 25, 1, NULL),
	(630, 'GET', '/auth/get-subject-info-by-token', 1, '2020-10-21 04:27:29', NULL, 2, 1, NULL),
	(631, 'GET', '/tripione/dashboard/details', 1, '2020-10-19 04:32:37', '1', 5, 1, NULL),
	(632, 'GET', '/hms-premium/hotels/rate-packages', 1, '2020-10-21 10:19:45', NULL, 25, 1, NULL),
	(633, 'GET', '/hms-premium/user-management/provinces', 2, '2020-10-21 11:37:05', NULL, 25, 1, 'get provinces managing by admin in country id'),
	(634, 'GET', '/transportation/users-partners/users-get-list-services', 3, '2020-10-22 02:28:13', NULL, 31, 1, NULL),
	(635, 'GET', '/msgs/log/get-log-detail', 1, '2020-10-22 02:32:07', '1', 14, 1, NULL),
	(636, 'POST', 'ádasdasd', 1, '2020-10-22 02:56:53', NULL, 1, 1, 'adasdádsad'),
	(637, 'DELETE', '/msgs/notify/delete-notify', 1, '2020-10-22 03:08:14', '1', 14, 1, NULL),
	(638, 'GET', '/transportation/users-partners/users-get-list-transactions', 1, '2020-10-22 04:04:37', NULL, 31, 1, NULL),
	(639, 'POST', '/hms-premium/user-management/assignment', 2, '2020-10-23 02:54:32', NULL, 25, 1, NULL),
	(640, 'GET', '/hms-premium/hotels/amenity-hotel', 1, '2020-10-23 05:00:30', NULL, 25, 1, NULL),
	(641, 'POST', '/ams/role/assign-roles', 1, '2020-10-23 13:44:56', NULL, 2, 1, NULL),
	(642, 'POST', '/ams/role/revoke-roles', 2, '2020-10-23 13:46:22', NULL, 2, 1, NULL),
	(643, 'GET', '/ams/gateway/partner/get-detail', 1, '2020-10-23 14:59:59', NULL, 2, 1, NULL),
	(644, 'GET', 'asdsadasdasd', 2, '2020-10-26 16:18:00', NULL, 1, 1, 'sadsadsadas'),
	(645, 'GET', '/hms-premium/hotels/approval/dashboard/waiting', 1, '2020-10-26 16:30:19', NULL, 25, 1, 'get provider dashboard waiting hotel ( draft, reject, pending)'),
	(646, 'GET', '/hms-premium/hotels/approval/dashboard/approved', 1, '2020-10-26 16:30:37', NULL, 25, 1, 'get approved hotel provider'),
	(647, 'POST', '/hms-premium/hotels/rate-plans', 1, '2020-10-26 17:40:31', NULL, 25, 1, NULL),
	(648, 'GET', '/hms-premium/rooms/hotels', 1, '2020-10-27 09:14:04', NULL, 25, 1, NULL),
	(649, 'PUT', '/hms-premium/hotels/rate-plans', 1, '2020-10-27 11:05:09', NULL, 25, 1, NULL),
	(650, 'GET', '/hms-premium/hotels/test', 1, '2020-10-27 13:48:26', NULL, 25, 1, 'test'),
	(651, 'DELETE', '/hms-premium/hotels/rate-plans', 1, '2020-10-27 13:56:14', NULL, 25, 1, NULL),
	(652, 'POST', '/ams/role/revoke-role-users', 3, '2020-10-27 14:08:03', NULL, 2, 1, NULL),
	(653, 'POST', '/ams/role/assign-role-users', 1, '2020-10-27 14:08:21', NULL, 2, 1, NULL),
	(654, 'POST', '/hms-premium/group-operators/create-group-hotels', 5, '2020-10-27 15:04:54', NULL, 25, -1, NULL),
	(655, 'GET', '/hms-premium/group-operators/in-hotel/group-of-user', 2, '2020-10-27 17:35:27', NULL, 25, 1, NULL),
	(656, 'DELETE', '/hms-premium/group-operators/in-hotel/remove-user', 3, '2020-10-27 17:36:52', NULL, 25, 1, NULL),
	(657, 'GET', '/hms-premium/group-operators/in-hotel/providers', 5, '2020-10-28 13:41:54', NULL, 25, -1, NULL),
	(658, 'POST', '/hms-premium/group-operators/in-hotel/group-of-user', 1, '2020-10-28 14:22:34', NULL, 25, 1, NULL),
	(659, 'POST', '/hms-premium/group-operators/in-hotel/update-group', 2, '2020-10-28 15:13:17', NULL, 25, -1, NULL),
	(660, 'POST', '/hms-premium/group-operators/in-hotel/create-group', 2, '2020-10-28 15:20:27', NULL, 25, -1, NULL),
	(661, 'GET', '/hms-premium/user-management/assignment', 1, '2020-11-02 09:47:09', NULL, 25, 1, NULL),
	(662, 'POST', '/hms-premium/hotels/admin-approve-hotel/created-new-root-hotel', 3, '2020-11-05 02:43:03', NULL, 25, 1, NULL),
	(663, 'GET', '/hms-premium/hotels/rate-plans/list', 2, '2020-11-02 18:41:57', NULL, 25, 1, NULL),
	(664, 'GET', '/tripione/public/crm/trips/detail', 3, '2020-11-03 14:31:39', NULL, 5, 1, 'Lấy thông tin chi tiết chuyến đi (sử dụng trên CRM)'),
	(665, 'POST', '/hms-premium/hotels/rate-plans/enable', 1, '2020-11-04 09:01:20', NULL, 25, 1, NULL),
	(666, 'GET', '/hms-premium/hotels/rate-plans', 1, '2020-11-04 09:19:38', NULL, 25, 1, NULL),
	(667, 'POST', '/tripione/public/crm/trips/filter', 3, '2020-11-03 14:31:39', '1', 5, 1, 'Lấy thông tin chi tiết chuyến đi (sử dụng trên CRM)'),
	(668, 'GET', '/hms-premium/hotels/rooms/info', 1, '2020-11-04 14:45:31', NULL, 25, 1, NULL),
	(669, 'POST', '/tripione/public/crm/trips/notes', 3, '2020-11-12 04:09:24', '1', 5, 1, 'Lấy thông tin chi tiết chuyến đi (sử dụng trên CRM)'),
	(670, 'POST', '/tripione/public/crm/trips/attach', 2, '2020-11-03 14:31:39', '1', 5, 1, 'Lấy thông tin chi tiết chuyến đi (sử dụng trên CRM)'),
	(671, 'POST', '/tripione/public/crm/trips/assign', 2, '2020-11-03 14:31:39', '1', 5, 1, 'Lấy thông tin chi tiết chuyến đi (sử dụng trên CRM)'),
	(672, 'GET', '/payment/ipn', 2, '2020-11-05 15:35:25', NULL, 26, 1, NULL),
	(673, 'GET', '/ams/gateway/quota/get-quota-plan-detail', 2, '2020-11-06 09:58:14', NULL, 2, 1, NULL),
	(674, 'GET', '/payment/admin/caches', 3, '2020-11-06 13:33:24', NULL, 26, 1, NULL),
	(675, 'GET', '/payment/admin/caches/reloadAll', 2, '2020-11-06 13:34:10', NULL, 26, 1, NULL),
	(676, 'GET', '/payment/admin/caches/reload', 2, '2020-11-06 13:34:43', NULL, 26, 1, NULL),
	(677, 'POST', '/transportation/transaction/test-call-payment-service', 2, '2020-11-06 16:57:52', NULL, 31, 1, NULL),
	(678, 'POST', '/transportation/transaction/transaction-create-by-sessions', 1, '2020-11-06 17:05:34', NULL, 31, 1, NULL),
	(679, 'POST', '/transportation/transaction/confirm_payment/', 2, '2020-11-06 17:06:06', NULL, 31, 1, NULL),
	(680, 'POST', '/transportation/users-partners/users-cancel-booking', 1, '2020-11-06 17:06:50', NULL, 31, 1, NULL),
	(681, 'GET', '/transportation/get_all_partner_code', 1, '2020-11-06 17:08:49', NULL, 31, 1, NULL),
	(682, 'POST', '/transportation/partners/partner_config_campaigns_v2/create', 1, '2020-11-06 17:09:20', NULL, 31, 1, NULL),
	(683, 'GET', '/transportation/partners/partner_config_campaigns_v2', 1, '2020-11-06 17:10:35', NULL, 31, 1, NULL),
	(684, 'GET', '/transportation/users-partners/users-get-list-services-v3', 1, '2020-11-09 08:51:56', NULL, 31, 1, NULL),
	(685, 'GET', '/transportation/bookings', 1, '2020-11-09 10:59:57', NULL, 31, 1, NULL),
	(686, 'POST', '/transportation/bookings/confirm', 1, '2020-11-09 11:00:59', NULL, 31, 1, NULL),
	(687, 'POST', 'transportation/users-partners/users-cancel-booking', 2, '2020-11-09 12:57:08', NULL, 31, -1, NULL),
	(688, 'POST', '/tripione/hotels/availability', 1, '2020-09-21 09:28:27', '1', 5, 1, NULL),
	(689, 'POST', '/tripione/hotels/rooms/availability', 1, '2020-09-21 09:28:27', '1', 5, 1, NULL),
	(695, 'GET', '/xxxx', 0, '2020-11-09 15:09:02', NULL, 31, 1, NULL),
	(696, 'POST', '/tripione/users/download-fails', 1, '2020-09-07 04:33:49', '1', 5, 1, NULL),
	(697, 'POST', '/hms-premium/rooms/allotment/all-in-range', 3, '2020-11-09 18:44:45', NULL, 25, 1, NULL),
	(698, 'POST', '/hms-premium/rooms/allotment/update-and-rebuild', 2, '2020-11-10 10:29:36', NULL, 25, 1, NULL),
	(699, 'POST', '/transportation/seat_mapping', 1, '2020-11-10 10:31:55', NULL, 31, 1, NULL),
	(700, 'POST', '/transportation/seat_mapping/pick_seat', 1, '2020-11-10 13:54:28', NULL, 31, 1, NULL),
	(701, 'POST', '/transaction/transaction-create-by-sessions', 1, '2020-11-10 14:30:35', NULL, 31, -1, NULL),
	(702, 'POST', '/hms-premium/rooms/rates/setting', 4, '2020-11-11 08:47:10', NULL, 25, 1, NULL),
	(703, 'POST', '/hms-premium/rooms/rates/fetch', 2, '2020-11-11 08:54:30', NULL, 25, 1, NULL),
	(704, 'GET', '/transportation/v3/api-docs', 6, '2020-11-11 09:11:10', NULL, 31, 1, NULL),
	(705, 'GET', '/transportation/swagger-ui.html', 6, '2020-11-11 09:13:53', NULL, 31, 1, NULL),
	(706, 'GET', '/tripione/public/crm/trips/check-trip-code', 1, '2020-11-11 10:19:32', NULL, 5, 1, 'Kiểm tra mã chuyến đi có tồn tại hay không'),
	(707, 'GET', '/transportation/health-check', 1, '2020-11-11 10:34:53', NULL, 31, 1, NULL),
	(708, 'GET', '/transportation/users-partners/users-get-session-details', 2, '2020-11-11 14:52:28', NULL, 31, 1, NULL),
	(709, 'GET', '/tripione/public/crm/trips/notes', 1, '2020-11-11 10:19:32', '1', 5, 1, 'Kiểm tra mã chuyến đi có tồn tại hay không'),
	(710, 'GET', '/chat/channels/page', 1, '2020-11-11 16:46:20', NULL, 32, 1, NULL),
	(711, 'POST', '/hms-premium/hotels/approval/request-approve-hotel', 1, '2020-11-12 10:57:47', NULL, 25, 1, ''),
	(712, 'POST', '/tripione/public/crm/trips/finish', 2, '2020-11-03 14:31:39', '1', 5, 1, 'Lấy thông tin chi tiết chuyến đi (sử dụng trên CRM)'),
	(713, 'POST', '/tripione/public/crm/trips/cancel', 2, '2020-11-03 14:31:39', '1', 5, 1, 'Lấy thông tin chi tiết chuyến đi (sử dụng trên CRM)'),
	(714, 'POST', '/tripione/users/importing-template', 1, '2020-11-17 03:15:22', NULL, 5, 1, NULL),
	(715, 'DELETE', '/hms-premium/hotels/contracts', 1, '2020-11-12 16:32:38', NULL, 25, 1, NULL),
	(716, 'POST', '/hms-premium/rooms/rate-plans/setting', 1, '2020-11-12 17:15:08', NULL, 25, 1, NULL),
	(717, 'POST', '/hms-premium/account/all', 2, '2020-11-13 09:07:31', NULL, 25, 1, 'all account by admin'),
	(718, 'GET', '/hms-premium/user-management/provinces/admin-groups', 1, '2020-11-16 10:43:44', NULL, 25, 1, 'get admin groups in provinces'),
	(719, 'GET', '/transportation/policy/list_cancel', 1, '2020-11-16 16:50:44', NULL, 31, 1, NULL),
	(720, 'GET', '/favicon.ico', 1, '2020-11-17 09:44:57', NULL, 31, 1, NULL),
	(721, 'GET', '/transportation/users-partners/users-get-ticket', 1, '2020-11-17 10:46:06', NULL, 31, 1, NULL),
	(722, 'GET', '/transportation/swagger', 1, '2020-11-17 11:49:52', NULL, 31, 1, NULL),
	(723, 'POST', '/tripione/public/crm/trips/detach', 2, '2020-11-17 15:19:26', NULL, 5, 1, 'Xóa đơn hàng khỏi chuyến đi'),
	(724, 'GET', '/transportation/transaction/test-mail', 2, '2020-11-18 10:42:41', NULL, 31, 1, NULL),
	(725, 'POST', '/transportation/cities', 3, '2020-11-19 14:58:02', NULL, 31, 1, NULL),
	(726, 'POST', '/transportation/cities/update', 1, '2020-11-19 16:43:47', NULL, 31, 1, NULL),
	(727, 'POST', '/transportation/cities/elastic_search/import_all', 1, '2020-11-19 16:59:13', NULL, 31, 1, NULL),
	(728, 'POST', '/transportation/transaction/transaction-report', 1, '2020-11-20 10:11:23', NULL, 31, 1, NULL),
	(729, 'GET', '/transportation/get_all_providers', 1, '2020-11-20 14:06:28', NULL, 31, 1, NULL),
	(730, 'POST', '/internal/tripione/payment-methods/filter', 1, '2020-12-10 10:36:46', '1', 5, 1, NULL),
	(731, 'GET', '/hms-premium/hotels/rate-plans/list-to-depend', 2, '2020-11-23 09:16:30', NULL, 25, 1, NULL),
	(732, 'GET', '/tripione/flights/ancillary-options', 1, '2020-11-23 04:20:38', '1', 5, 1, NULL),
	(733, 'POST', '/transportation/airports', 1, '2020-11-23 11:40:29', NULL, 31, 1, NULL),
	(734, 'GET', '/transportation/airports/search', 2, '2020-11-23 11:44:43', NULL, 31, 1, NULL),
	(735, 'POST', '/transportation/airports/elastic_search/import_all', 1, '2020-11-23 13:51:05', NULL, 31, 1, NULL),
	(736, 'POST', '/payment/internal/payments/status', 1, '2020-11-23 13:53:29', NULL, 26, 1, NULL),
	(737, 'GET', '/hms-premium/hotels/rate-plans/amenities', 1, '2020-11-23 14:14:10', NULL, 25, 1, NULL),
	(738, 'GET', '/transportation/airports/search/all', 2, '2020-11-23 14:25:03', NULL, 31, 1, NULL),
	(739, 'GET', '/tripi-feed/health-check', 1, '2020-11-24 10:30:40', NULL, 36, 1, NULL),
	(740, 'POST', '/transportation/providers/update', 1, '2020-11-24 11:42:04', NULL, 31, 1, NULL),
	(741, 'POST', '/transportation/upload', 1, '2020-11-24 13:13:06', NULL, 31, 1, NULL),
	(742, 'POST', '/transportation/providers/logo', 1, '2020-11-24 13:16:36', NULL, 31, 1, NULL),
	(743, 'GET', '/hms-premium/info/location/streets', 1, '2020-11-24 14:55:23', NULL, 25, 1, NULL),
	(744, 'GET', '/fecore/restaurants', 1, '2020-11-24 16:31:15', NULL, 31, 1, NULL),
	(745, 'GET', '/chat/messages', 1, '2020-11-24 16:32:06', NULL, 32, 1, NULL),
	(746, 'GET', '/transportation/providers/detail', 1, '2020-11-24 16:43:53', NULL, 31, 1, NULL),
	(747, 'GET', '/hms-premium/rooms/root-hotel', 1, '2020-11-24 18:13:13', NULL, 25, 1, 'get all rooms in root hotel'),
	(748, 'GET', '/hms-premium/root-hotel/gallery/rooms', 2, '2020-11-24 19:23:58', NULL, 25, 1, 'get all room photo of root room'),
	(749, 'GET', '/hms-premium/root-hotel/policies', 1, '2020-11-24 20:52:39', NULL, 25, 1, 'get policy root hotel'),
	(750, 'GET', '/chat/chat-group/list-member', 1, '2020-11-25 00:41:03', NULL, 32, 1, NULL),
	(751, 'GET', '/hms-premium/group-operators/all', 1, '2020-11-25 10:04:48', NULL, 25, 1, NULL),
	(752, 'PUT', '/hms-premium/account/status', 1, '2020-11-25 11:50:51', NULL, 25, 1, NULL),
	(753, 'POST', '/transportation/transaction/retry-booking', 1, '2020-11-25 16:45:01', NULL, 31, 1, NULL),
	(754, 'PUT', '/hms-premium/hotels/contracts/commissions', 2, '2020-11-25 16:57:57', NULL, 25, 1, NULL),
	(755, 'POST', '/ams/account/get-list-simple-info', 1, '2020-11-25 17:08:33', NULL, 2, 1, NULL),
	(756, 'POST', '/transportation/users-partners/users-refund-booking', 1, '2020-11-26 11:35:33', NULL, 31, 1, NULL),
	(757, 'POST', '/transportation/providers/88go/callback/status', 1, '2020-11-26 13:44:07', NULL, 31, 1, NULL),
	(758, 'GET', '/hms-premium/info/promotions/types', 2, '2020-11-26 18:07:08', NULL, 25, 1, NULL),
	(759, 'PUT', '/hms-premium/promotions/status', 1, '2020-11-26 20:26:08', NULL, 25, 1, NULL),
	(760, 'POST', '/hms-premium/promotions/search', 1, '2020-11-27 13:31:10', NULL, 25, 1, 'search promotions'),
	(761, 'GET', '/transportation/users-partners/users-get-transaction-by-tripi_ticket_code/', 4, '2020-11-27 14:01:50', NULL, 31, 1, NULL),
	(762, 'GET', '/hms-premium/hotels/similar-hotel', 1, '2020-11-27 14:16:41', NULL, 25, 1, NULL),
	(763, 'POST', '/payment/agents/info', 1, '2020-11-27 15:34:54', NULL, 26, 1, NULL),
	(764, 'GET', '/hms-premium/promotions/detail', 2, '2020-11-27 18:48:01', NULL, 25, 1, NULL),
	(765, 'POST', '/chat/chat-group/groups-members', 2, '2020-11-30 09:54:17', NULL, 32, 1, NULL),
	(766, 'POST', '/chat/chat-group/groups-members/add-member', 2, '2020-11-30 09:54:49', NULL, 32, 1, NULL),
	(767, 'POST', '/chat/chat-group/groups-members/remove-member', 2, '2020-11-30 09:55:12', NULL, 32, 1, NULL),
	(768, 'GET', '/payment/v2/api-docs', 1, '2020-11-30 13:43:18', NULL, 26, 1, NULL),
	(769, 'GET', '/payment/swagger-ui/index.html', 3, '2020-11-30 14:15:29', NULL, 26, -1, NULL),
	(770, 'POST', '/hms-premium/rooms/calendar/rate-and-allotment', 2, '2020-11-30 15:44:29', NULL, 25, 1, 'update rate and allotment on calendar monthly'),
	(771, 'GET', '/hms-premium/hotels/admin-approve-hotel/check-duplicate', 2, '2020-11-30 17:46:27', NULL, 25, 1, NULL),
	(772, 'POST', '/tripi-feed/get-news-feeds', 4, '2020-12-01 09:12:19', NULL, 36, 1, NULL),
	(773, 'GET', '/msgs/email/config/detail', 2, '2020-12-01 10:34:45', NULL, 14, 1, NULL),
	(774, 'POST', '/hms-premium/promotions/create', 4, '2020-12-01 11:40:36', NULL, 25, 1, NULL),
	(775, 'POST', '/hms-premium/hotels/admin-approve-hotel/map-hotel-already', 1, '2020-12-01 13:20:18', NULL, 25, 1, NULL),
	(776, 'POST', '/hms-premium/hotels/admin-approve-hotel/assignment-hotel-already', 3, '2020-12-01 13:21:32', NULL, 25, 1, NULL),
	(777, 'POST', '/hms-premium/hotels/admin-approve-hotel/reject', 1, '2020-12-01 13:30:33', NULL, 25, 1, NULL),
	(778, 'POST', '/csp/tickets', 3, '2020-12-01 15:02:38', NULL, 35, 1, NULL),
	(779, 'GET', '/hotel-connector/health-check', 1, '2020-12-02 13:49:38', NULL, 37, 1, NULL),
	(780, 'POST', '/hotel-connector/hotel/availability', 1, '2020-12-02 13:50:16', NULL, 37, 1, NULL),
	(781, 'GET', '/hotel-connector/v2/api-docs', 1, '2020-12-02 14:27:23', NULL, 37, 1, NULL),
	(782, 'POST', '/transportation/transaction/sendmail', 1, '2020-12-02 15:54:07', NULL, 31, 1, NULL),
	(783, 'POST', '/transportation/transaction/cs_note/create', 1, '2020-12-02 16:41:17', NULL, 31, 1, NULL),
	(784, 'POST', '/transportation/transaction/cs_note/update', 1, '2020-12-02 16:45:57', NULL, 31, 1, NULL),
	(785, 'POST', '/transportation/transaction/cs_note/save', 1, '2020-12-02 16:58:00', NULL, 31, 1, NULL),
	(786, 'POST', '/hms-premium/promotions/preview', 1, '2020-12-02 18:20:44', NULL, 25, 1, NULL),
	(787, 'POST', '/transportation/transaction/request-invoice', 2, '2020-12-03 15:11:09', NULL, 31, 1, NULL),
	(788, 'GET', '/msgs/sms/config/detail', 1, '2020-12-03 17:20:23', NULL, 14, 1, NULL),
	(789, 'GET', '/csp/tickets', 7, '2020-12-04 14:41:51', NULL, 35, 1, NULL),
	(790, 'POST', '/chat/message/cs', 1, '2020-12-04 15:40:27', NULL, 32, 1, NULL),
	(791, 'GET', '/hotel-connector/swagger-ui/index.html', 2, '2020-12-04 15:57:16', NULL, 37, 1, NULL),
	(792, 'GET', '/hotel-connector/swagger-ui/springfox.css', 1, '2020-12-04 15:58:44', NULL, 37, 1, NULL),
	(793, 'GET', '/hotel-connector/swagger-ui/swagger-ui.css', 1, '2020-12-04 15:59:35', NULL, 37, 1, NULL),
	(794, 'GET', '/hotel-connector/swagger-ui/swagger-ui-bundle.js', 1, '2020-12-04 15:59:53', NULL, 37, 1, NULL),
	(795, 'GET', '/hotel-connector/swagger-ui/swagger-ui-standalone-preset.js', 1, '2020-12-04 16:00:16', NULL, 37, 1, NULL),
	(796, 'GET', '/hotel-connector/swagger-ui/springfox.js', 1, '2020-12-04 16:00:34', NULL, 37, 1, NULL),
	(797, 'GET', '/hotel-connector/swagger-ui/index.html/swagger-resources/configuration/ui', 1, '2020-12-04 16:01:37', NULL, 37, 1, NULL),
	(798, 'GET', '/hotel-connector/swagger-ui/index.html/swagger-resources/configuration/security', 1, '2020-12-04 16:02:02', NULL, 37, 1, NULL),
	(799, 'GET', '/hotel-connector/swagger-ui/null/swagger-resources/configuration/ui', 1, '2020-12-04 16:02:40', NULL, 37, 1, NULL),
	(800, 'GET', '/hotel-connector/swagger-ui/index.html/swagger-resources', 1, '2020-12-04 16:13:57', NULL, 37, 1, NULL),
	(801, 'POST', '/csp/tag/add-tag', 1, '2020-12-07 13:24:39', NULL, 35, 1, NULL),
	(802, 'POST', '/csp/tag/create-tag', 1, '2020-12-07 13:38:52', NULL, 35, 1, NULL),
	(803, 'GET', '/csp/tag/search', 1, '2020-12-07 13:47:07', NULL, 35, 1, NULL),
	(804, 'GET', '/csp/team/list-team', 3, '2020-12-07 15:40:02', NULL, 35, 1, NULL),
	(805, 'POST', '/csp/team/create-team', 1, '2020-12-07 16:02:52', NULL, 35, 1, NULL),
	(806, 'GET', '/ams/account/simple-info', 1, '2020-12-08 08:44:03', NULL, 2, 1, NULL),
	(807, 'GET', '/hms-premium/info/tag/tag-icons', 2, '2020-12-08 11:19:21', NULL, 25, 1, NULL),
	(808, 'GET', '/hms-premium/info/ca-account/all-active', 1, '2020-12-08 11:57:24', NULL, 25, 1, 'get all ca account configured for hms '),
	(809, 'PUT', '/csp/team/update-team', 1, '2020-12-08 15:42:00', NULL, 35, 1, NULL),
	(810, 'DELETE', '/csp/team/delete-team', 1, '2020-12-08 16:01:33', NULL, 35, 1, NULL),
	(811, 'GET', '/hms-premium/group-operators/in-hotel/roles', 1, '2020-12-08 19:16:25', NULL, 25, 1, 'get exactly role of user in hotel'),
	(817, 'GET', '/msgs/notify/config/get-detail', 1, '2020-12-09 10:44:09', NULL, 14, 1, NULL),
	(818, 'GET', '/msgs/notify/app/get-detail', 1, '2020-12-09 11:00:37', NULL, 14, 1, NULL),
	(819, 'GET', '/msgs/notify/group/get-detail', 1, '2020-12-09 11:06:07', NULL, 14, 1, NULL),
	(820, 'GET', '/chat/chat-group/conversations', 2, '2020-12-09 14:51:08', NULL, 32, 1, NULL),
	(821, 'GET', '/chat/chat-group/conversations/range-by-time', 3, '2020-12-09 15:20:03', NULL, 32, 1, NULL),
	(822, 'GET', '/chat/user/late-message', 1, '2020-12-09 16:00:04', NULL, 32, 1, NULL),
	(823, 'GET', '/transportation/es/indexes', 1, '2020-12-10 09:22:25', NULL, 31, 1, NULL),
	(824, 'GET', '/transportation/es/indexes/search_name', 1, '2020-12-10 09:31:13', NULL, 31, 1, NULL),
	(825, 'DELETE', '/hms-premium/marketing/tags', 1, '2020-12-10 11:24:16', NULL, 25, 1, NULL),
	(826, 'GET', '/hms-premium/marketing/tags', 1, '2020-12-10 11:26:14', NULL, 25, 1, NULL),
	(827, 'POST', '/hms-premium/marketing/tags', 1, '2020-12-10 11:30:14', NULL, 25, 1, NULL),
	(828, 'PUT', '/hms-premium/marketing/tags', 1, '2020-12-10 11:30:28', NULL, 25, 1, NULL),
	(829, 'GET', '/hms-premium/marketing/tags/quick-search', 1, '2020-12-10 11:34:56', NULL, 25, 1, NULL),
	(830, 'GET', '/hms-premium/marketing/tags/channels', 1, '2020-12-10 11:35:21', NULL, 25, 1, NULL),
	(831, 'POST', '/recommendation/hotels/recommend-by-flight-booking-info', 1, '2020-12-10 11:52:10', NULL, 9, 1, NULL),
	(832, 'POST', '/hms-premium/campaign-ranking/list', 2, '2020-12-10 14:04:52', NULL, 25, 1, NULL),
	(833, 'GET', '/csp/shortcuts', 1, '2020-12-10 17:41:29', NULL, 35, 1, NULL),
	(834, 'GET', '/csp/shortcuts/search', 2, '2020-12-10 17:44:29', NULL, 35, 1, NULL),
	(835, 'GET', '/hms-premium/marketing/tags/channels/hotels', 1, '2020-12-10 19:06:38', NULL, 25, 1, 'get all tag of hotel by ca id'),
	(836, 'GET', '/hms-premium/hotels/rate-plans/rate-type', 1, '2020-12-11 08:54:16', NULL, 25, 1, NULL),
	(837, 'GET', '/transportation/transaction/count_action_by_key', 1, '2020-12-11 09:22:27', NULL, 31, 1, NULL),
	(838, 'PUT', '/hms-premium/promotions/update', 1, '2020-12-11 11:23:35', NULL, 25, 1, NULL),
	(839, 'PUT', '/hms-premium/marketing/tags/channels/hotels', 1, '2020-12-11 17:09:43', NULL, 25, 1, 'update tag of hotel in caId'),
	(840, 'POST', '/hms-premium/marketing/tags/multi-channels/hotels', 1, '2020-12-11 17:12:11', NULL, 25, 1, 'add tag to hotel at multi caIds'),
	(841, 'POST', '/hms-premium/marketing/tags/hotels/search', 2, '2020-12-14 11:15:09', NULL, 25, 1, NULL),
	(842, 'POST', '/hms-premium/marketing/tags/hotels/batch-processing', 1, '2020-12-14 14:48:25', NULL, 25, 1, NULL),
	(843, 'POST', '/hms-premium/info/location/districts/get-multi-provinces', 1, '2020-12-14 17:25:43', NULL, 25, 1, NULL),
	(844, 'POST', '/hms-premium/rooms/allotment/subtract', 1, '2020-12-15 10:53:06', NULL, 25, 1, NULL),
	(845, 'GET', '/hms-premium/info/ca-account/all', 1, '2020-12-15 14:16:04', NULL, 25, 1, NULL),
	(846, 'POST', '/csp/employees/switch-status', 1, '2020-12-15 16:24:47', NULL, 35, 1, NULL),
	(847, 'POST', '/hms-premium/campaign-ranking/insert', 1, '2020-12-15 17:53:08', NULL, 25, 1, NULL),
	(848, 'POST', '/chat/file/upload', 1, '2020-12-16 09:27:09', NULL, 32, 1, 'upload file'),
	(849, 'PUT', '/hms-premium/campaign-ranking/update', 1, '2020-12-16 10:35:45', NULL, 25, 1, NULL),
	(850, 'DELETE', '/hms-premium/campaign-ranking/delete', 1, '2020-12-16 10:35:56', NULL, 25, 1, NULL),
	(851, 'POST', '/feticket/events/services/send-email', 1, '2020-12-16 10:36:28', NULL, 31, 1, NULL),
	(852, 'POST', '/hms-premium/hotels/simple-root-hotel-info', 2, '2020-12-16 11:06:53', NULL, 25, 1, NULL),
	(853, 'POST', '/csp/tickets/votes', 1, '2020-12-16 11:19:43', NULL, 35, 1, NULL),
	(854, 'GET', '/feticket/events/categories', 4, '2020-12-16 13:52:39', NULL, 31, 1, NULL),
	(855, 'GET', '/feticket/events/services', 1, '2020-12-16 14:02:44', NULL, 31, 1, NULL),
	(856, 'POST', '/feticket/events/search_service', 3, '2020-12-16 15:08:16', NULL, 31, 1, NULL),
	(857, 'GET', '/feticket/events/services_details', 1, '2020-12-16 16:59:10', NULL, 31, 1, NULL),
	(858, 'POST', '/ams/account/get-user-avatar-info', 3, '2020-12-17 09:45:05', NULL, 2, 1, NULL),
	(859, 'GET', '/hms-premium/booking/search', 1, '2020-12-17 11:34:21', NULL, 25, 1, NULL),
	(860, 'POST', '/feticket/events/services/create', 1, '2020-12-17 11:40:37', NULL, 31, 1, NULL),
	(861, 'POST', '/msgs/email/send-to-users', 1, '2020-12-17 11:47:18', NULL, 14, 1, NULL),
	(862, 'POST', '/feticket/events/categories_services/create', 1, '2020-12-17 15:14:37', NULL, 31, 1, NULL),
	(863, 'POST', '/feticket/events/categories_services/update', 1, '2020-12-17 15:30:53', NULL, 31, 1, NULL),
	(864, 'GET', '/feticket/events/categories_services/delete', 7, '2020-12-17 15:55:24', NULL, 31, 1, NULL),
	(865, 'POST', '/transportation/transaction/update-manually', 1, '2020-12-17 16:12:17', NULL, 31, 1, NULL),
	(866, 'POST', '/transportation/transaction/confirm-manually-for-voucher', 1, '2020-12-17 16:21:21', NULL, 31, 1, NULL),
	(867, 'GET', '/feticket/events/categories_services', 1, '2020-12-17 16:49:56', NULL, 31, 1, NULL),
	(868, 'POST', '/feticket/events/services/delete', 1, '2020-12-18 11:28:26', NULL, 31, 1, NULL),
	(869, 'POST', '/feticket/events/services/update', 1, '2020-12-18 11:43:08', NULL, 31, 1, NULL),
	(870, 'POST', '/feticket/events/categories_services/delete', 1, '2020-12-18 13:48:09', NULL, 31, 1, NULL),
	(871, 'POST', '/feticket/events/categories/create', 1, '2020-12-18 14:05:10', NULL, 31, 1, NULL),
	(872, 'POST', '/feticket/events/categories/update', 1, '2020-12-18 14:07:47', NULL, 31, 1, NULL),
	(873, 'POST', '/feticket/events/categories/delete', 1, '2020-12-18 14:24:33', NULL, 31, 1, NULL),
	(874, 'GET', '/hms-premium/campaign-ranking/search-hotel', 1, '2020-12-18 14:30:41', NULL, 25, 1, NULL),
	(875, 'POST', '/feticket/events/services/re_create_document', 1, '2020-12-18 14:44:42', NULL, 31, 1, NULL),
	(876, 'POST', '/feticket/event/search_service', 1, '2020-12-18 15:24:52', NULL, 31, 1, NULL),
	(877, 'POST', '/csp/tickets/close-ticket', 1, '2020-12-21 10:05:01', NULL, 35, 1, NULL),
	(878, 'GET', '/transportation/users-partners/crm-get-list-transactions', 1, '2020-12-21 10:36:54', NULL, 31, 1, NULL),
	(879, 'POST', '/transportation/transaction/cs_note/delete_image', 1, '2020-12-21 10:53:41', NULL, 31, 1, NULL),
	(880, 'POST', '/transportation/transaction/cs_note/upload_images', 1, '2020-12-21 11:00:43', NULL, 31, 1, NULL),
	(881, 'POST', '/hms-premium/campaign-ranking/upload-ranking-file', 2, '2020-12-21 11:14:02', NULL, 25, 1, NULL),
	(882, 'POST', '/chat/user/check-user-online', 1, '2020-12-21 13:54:44', NULL, 32, 1, NULL),
	(883, 'POST', '/hms-premium/campaign-ranking/enable', 1, '2020-12-21 15:13:34', NULL, 25, 1, NULL),
	(884, 'GET', '/chat/messages/search-content', 2, '2020-12-22 14:46:52', NULL, 32, 1, NULL),
	(885, 'GET', '/chat/chat-group/group-detail', 1, '2020-12-22 15:40:06', NULL, 32, 1, NULL),
	(886, 'GET', '/csp/tickets/search', 1, '2020-12-23 11:03:06', NULL, 35, 1, NULL),
	(887, 'GET', '/csp/employees/get-free-employee', 1, '2020-12-23 11:25:54', NULL, 35, 1, NULL),
	(888, 'GET', '/feticket/events/cities', 1, '2020-12-23 13:49:20', NULL, 31, 1, NULL),
	(889, 'POST', '/msgs/sms/send-list-sync', 1, '2020-12-23 15:41:06', NULL, 14, 1, NULL),
	(890, 'POST', '/transportation/import_district', 1, '2020-12-23 15:54:57', NULL, 31, 1, NULL),
	(891, 'POST', '/feticket/events/services/create_list', 2, '2020-12-23 16:41:15', NULL, 31, 1, NULL),
	(892, 'GET', '/feticket/health-check', 1, '2020-12-24 15:04:06', NULL, 31, 1, NULL),
	(893, 'GET', '/feticket/heath-check', 1, '2020-12-24 15:20:56', NULL, 31, -1, NULL),
	(894, 'GET', '/csp/tickets/employees', 1, '2020-12-24 17:39:09', NULL, 35, 1, NULL),
	(895, 'GET', '/csp/tickets/current-ticket', 1, '2020-12-24 18:06:48', NULL, 35, 1, NULL),
	(896, 'POST', '/csp/tickets/first-message', 1, '2020-12-25 09:11:51', NULL, 35, 1, NULL),
	(897, 'POST', '/msgs/notify/send-to-user-multi-app', 1, '2020-12-25 11:41:27', NULL, 14, 1, NULL),
	(898, 'GET', '/ams/access/evict-cache', 1, '2020-12-26 17:35:17', NULL, 2, 1, NULL),
	(899, 'POST', '/feticket/events/services/get_services_by_providers', 1, '2020-12-28 17:21:57', NULL, 31, 1, NULL),
	(900, 'GET', '/csp/employees/information', 2, '2020-12-29 11:27:03', NULL, 35, 1, NULL),
	(901, 'POST', '/csp/tickets/supervisors', 1, '2020-12-29 15:34:04', NULL, 35, 1, NULL),
	(902, 'POST', '/csp/tickets/support', 1, '2020-12-30 10:24:11', NULL, 35, 1, NULL),
	(903, 'POST', '/chat/app/add-app', 1, '2020-12-30 10:27:34', NULL, 32, 1, NULL),
	(904, 'DELETE', '/chat/app/remove-app', 1, '2020-12-30 10:28:44', NULL, 32, 1, NULL),
	(905, 'GET', '/chat/app/list-app', 1, '2020-12-30 10:38:01', NULL, 32, 1, NULL),
	(906, 'GET', '/chat/chat-group/get-group', 1, '2020-12-30 15:42:37', NULL, 32, 1, NULL),
	(907, 'GET', '/transportation/users-partners/polling-list-services', 2, '2020-12-30 15:48:38', NULL, 31, 1, NULL),
	(908, 'GET', '/msgs/notify/group/list-member', 2, '2020-12-31 10:24:28', NULL, 14, 1, NULL),
	(909, 'GET', '/hms-premium/hotels/bookings', 1, '2020-12-31 11:20:26', NULL, 25, 1, NULL),
	(910, 'POST', '/feticket/events/clear_all_cache', 1, '2020-12-31 11:43:26', NULL, 31, 1, NULL),
	(911, 'POST', '/hms-premium/booking/notification/new-booking', 1, '2020-12-31 17:26:31', NULL, 25, 1, NULL),
	(912, 'GET', '/ams/role/find-by-code', 2, '2020-12-31 10:54:34', NULL, 2, 1, NULL),
	(913, 'POST', '/hms-premium/hotels/bookings', 1, '2021-01-04 09:36:40', NULL, 25, 1, NULL),
	(916, 'POST', '/chat/chat-group/groups-members/get-active-group-members', 2, '2021-01-04 11:51:07', NULL, 32, 1, NULL),
	(917, 'POST', '/tripione/admins/upload-contract', 1, '2020-12-10 10:36:46', '1', 5, 1, NULL),
	(918, 'GET', '/hms-premium/v3/api-docs', 1, '2021-01-04 15:27:51', NULL, 25, 1, NULL),
	(919, 'POST', '/csp/tickets/assign-team', 1, '2021-01-04 18:00:38', NULL, 35, 1, NULL),
	(920, 'POST', '/csp/tickets/manual-assign', 1, '2021-01-05 10:35:15', NULL, 35, 1, NULL),
	(921, 'GET', '/ams/account/search-multiple-field', 1, '2021-01-05 11:24:30', NULL, 2, 1, NULL),
	(922, 'GET', '/payment/actuator', 1, '2021-01-05 11:31:36', NULL, 26, 1, NULL),
	(923, 'GET', '/csp/employees/search', 1, '2021-01-05 11:55:28', NULL, 35, 1, NULL),
	(924, 'GET', '/feticket/events/providers', 1, '2021-01-05 14:26:59', NULL, 31, 1, NULL),
	(925, 'POST', '/feticket/events/providers/create', 2, '2021-01-05 14:33:42', NULL, 31, 1, NULL),
	(926, 'POST', '/feticket/events/providers/update', 1, '2021-01-05 14:43:38', NULL, 31, 1, NULL),
	(927, 'POST', '/feticket/events/providers/delete', 1, '2021-01-05 14:49:53', NULL, 31, 1, NULL),
	(928, 'GET', '/tripione/trips/refresh-price', 2, '2021-01-05 16:13:18', NULL, 5, 1, 'Làm mới giá các đơn hàng trong chuyến đi'),
	(929, 'GET', '/csp/tickets/active-ticket', 2, '2021-01-06 09:16:21', NULL, 35, 1, NULL),
	(930, 'PUT', '/msgs/notify/group/update-group', 1, '2021-01-06 10:08:24', NULL, 14, 1, NULL),
	(931, 'POST', '/tripi-feed/mini-game/register', 1, '2021-01-06 11:44:49', NULL, 36, 1, NULL),
	(932, 'GET', '/ams/role/user-ids-by-codes', 1, '2021-01-06 14:28:56', NULL, 2, 1, NULL),
	(943, 'GET', '/hms-premium/hotels/chains/search', 1, '2021-01-06 21:58:06', NULL, 25, 1, NULL),
	(955, 'GET', '/tripi-feed/mini-game/get-ranking', 1, '2021-01-07 08:56:46', NULL, 36, 1, NULL),
	(956, 'POST', '/tripi-feed/mini-game/referral', 1, '2021-01-07 11:25:20', NULL, 36, 1, NULL),
	(957, 'GET', '/feticket/tours/categories-tours', 1, '2021-01-07 14:02:52', NULL, 31, 1, NULL),
	(958, 'GET', '/feticket/tours/topics-tours', 1, '2021-01-07 14:34:05', NULL, 31, 1, NULL),
	(959, 'GET', '/feticket/tours/favorite-tours', 1, '2021-01-07 14:34:48', NULL, 31, 1, NULL),
	(960, 'GET', '/feticket/tours/list-tours-by-category', 1, '2021-01-07 14:48:43', NULL, 31, 1, NULL),
	(961, 'GET', '/feticket/tours/list-tours-by-topic', 1, '2021-01-07 14:55:23', NULL, 31, 1, NULL),
	(962, 'GET', '/feticket/tours/list-tours-by-favourite', 1, '2021-01-07 15:02:17', NULL, 31, 1, NULL),
	(963, 'GET', '/feticket/tours/tour-detail', 1, '2021-01-07 15:03:31', NULL, 31, 1, NULL),
	(964, 'POST', '/tripi-feed/mini-game/update-score', 1, '2021-01-07 15:25:40', NULL, 36, 1, NULL),
	(965, 'GET', '/chat/messages/cs', 1, '2021-01-07 17:45:30', NULL, 32, 1, NULL),
	(966, 'GET', '/msgs/notify/more-notify', 1, '2021-01-08 10:55:42', NULL, 14, 1, NULL),
	(967, 'GET', '/hms-premium/actuator/health', 1, '2021-01-08 11:34:16', NULL, 25, 1, NULL),
	(968, 'GET', '/hms-premium/actuator/metrics/hikaricp.connections.active', 2, '2021-01-08 11:39:03', NULL, 25, 1, NULL),
	(969, 'DELETE', '/csp/tag/remove-tag', 1, '2021-01-08 13:55:54', NULL, 35, 1, NULL),
	(970, 'POST', '/chat/chat-group/groups-members/last-content-message', 1, '2021-01-08 14:03:26', NULL, 32, 1, NULL),
	(971, 'POST', '/csp/tickets/last-message-content', 1, '2021-01-08 15:29:11', NULL, 35, 1, NULL),
	(972, 'GET', '/csp/tickets/get-detail', 1, '2021-01-08 16:29:36', NULL, 35, 1, NULL);
/*!40000 ALTER TABLE `API` ENABLE KEYS */;

-- Dumping structure for table ySmdjxnAyh.API_PERMISSION
CREATE TABLE IF NOT EXISTS `API_PERMISSION` (
  `ID` bigint(20) NOT NULL AUTO_INCREMENT,
  `PERMISSION_ID` bigint(20) NOT NULL,
  `API_ID` bigint(20) NOT NULL,
  PRIMARY KEY (`ID`),
  KEY `API_PERMISSION_FK` (`PERMISSION_ID`),
  KEY `API_PERMISSION_FK_1` (`API_ID`),
  CONSTRAINT `API_PERMISSION_FK` FOREIGN KEY (`PERMISSION_ID`) REFERENCES `PERMISSION` (`id`),
  CONSTRAINT `API_PERMISSION_FK_1` FOREIGN KEY (`API_ID`) REFERENCES `API` (`id`)
) ENGINE=InnoDB AUTO_INCREMENT=1249 DEFAULT CHARSET=utf8;

-- Dumping data for table ySmdjxnAyh.API_PERMISSION: ~829 rows (approximately)
/*!40000 ALTER TABLE `API_PERMISSION` DISABLE KEYS */;
INSERT INTO `API_PERMISSION` (`ID`, `PERMISSION_ID`, `API_ID`) VALUES
	(2, 2, 3),
	(3, 3, 4),
	(4, 4, 5),
	(5, 5, 6),
	(6, 6, 7),
	(7, 7, 8),
	(9, 13, 10),
	(10, 14, 12),
	(11, 15, 11),
	(13, 16, 13),
	(14, 18, 14),
	(15, 19, 16),
	(17, 19, 17),
	(18, 385, 19),
	(19, 22, 27),
	(20, 23, 18),
	(21, 24, 13),
	(22, 25, 21),
	(23, 26, 22),
	(24, 26, 23),
	(25, 386, 24),
	(26, 27, 26),
	(27, 28, 25),
	(28, 29, 28),
	(29, 387, 29),
	(30, 30, 30),
	(31, 31, 32),
	(32, 32, 33),
	(33, 389, 34),
	(34, 390, 35),
	(35, 33, 36),
	(36, 392, 37),
	(37, 391, 38),
	(38, 34, 39),
	(39, 393, 40),
	(40, 35, 31),
	(41, 36, 41),
	(42, 37, 42),
	(43, 38, 43),
	(44, 40, 44),
	(45, 41, 45),
	(46, 42, 49),
	(47, 43, 50),
	(48, 44, 51),
	(49, 45, 52),
	(50, 46, 53),
	(51, 48, 54),
	(52, 49, 55),
	(53, 50, 56),
	(54, 51, 60),
	(55, 52, 59),
	(56, 53, 61),
	(57, 56, 63),
	(58, 57, 64),
	(59, 39, 62),
	(60, 59, 68),
	(61, 60, 65),
	(62, 58, 69),
	(63, 63, 67),
	(64, 64, 66),
	(65, 65, 70),
	(66, 66, 71),
	(67, 67, 72),
	(68, 70, 73),
	(69, 70, 74),
	(70, 71, 73),
	(71, 70, 73),
	(72, 70, 73),
	(73, 71, 74),
	(74, 70, 74),
	(75, 70, 73),
	(76, 71, 74),
	(77, 71, 73),
	(78, 70, 75),
	(79, 71, 75),
	(80, 72, 76),
	(426, 179, 164),
	(427, 180, 165),
	(428, 181, 166),
	(429, 182, 167),
	(430, 183, 168),
	(431, 185, 170),
	(432, 394, 172),
	(433, 186, 173),
	(434, 187, 174),
	(435, 188, 175),
	(436, 189, 176),
	(437, 364, 177),
	(438, 191, 178),
	(439, 195, 179),
	(440, 194, 180),
	(441, 196, 181),
	(442, 197, 182),
	(443, 198, 183),
	(444, 199, 184),
	(445, 200, 185),
	(446, 201, 186),
	(447, 202, 187),
	(448, 203, 188),
	(449, 204, 190),
	(450, 205, 191),
	(451, 206, 192),
	(452, 208, 189),
	(457, 209, 193),
	(458, 13, 194),
	(459, 210, 195),
	(470, 209, 212),
	(471, 225, 213),
	(472, 226, 214),
	(473, 227, 215),
	(474, 228, 216),
	(475, 229, 217),
	(476, 230, 218),
	(477, 231, 219),
	(478, 232, 220),
	(479, 233, 221),
	(480, 233, 222),
	(481, 233, 223),
	(482, 233, 224),
	(483, 232, 225),
	(484, 237, 226),
	(485, 236, 227),
	(486, 234, 228),
	(487, 235, 229),
	(488, 238, 230),
	(489, 241, 231),
	(490, 239, 232),
	(491, 242, 233),
	(492, 240, 234),
	(493, 245, 235),
	(494, 243, 236),
	(495, 246, 237),
	(496, 244, 238),
	(497, 247, 239),
	(498, 247, 240),
	(499, 248, 241),
	(500, 249, 242),
	(501, 250, 243),
	(502, 251, 244),
	(503, 252, 246),
	(504, 253, 247),
	(505, 254, 248),
	(506, 255, 249),
	(507, 256, 250),
	(508, 257, 251),
	(509, 258, 252),
	(510, 259, 253),
	(511, 4, 254),
	(512, 260, 255),
	(513, 261, 256),
	(514, 262, 257),
	(516, 264, 259),
	(517, 263, 259),
	(518, 265, 263),
	(519, 266, 264),
	(520, 267, 265),
	(521, 268, 266),
	(522, 269, 267),
	(523, 270, 268),
	(524, 271, 269),
	(525, 272, 270),
	(526, 273, 271),
	(527, 274, 272),
	(528, 275, 273),
	(529, 276, 274),
	(530, 277, 275),
	(531, 278, 276),
	(532, 279, 277),
	(533, 280, 278),
	(534, 281, 279),
	(535, 282, 280),
	(536, 283, 281),
	(537, 285, 282),
	(538, 286, 283),
	(539, 287, 284),
	(540, 288, 285),
	(541, 289, 286),
	(542, 290, 287),
	(543, 291, 288),
	(544, 292, 289),
	(545, 294, 290),
	(546, 65, 291),
	(547, 190, 292),
	(548, 298, 293),
	(549, 299, 294),
	(550, 300, 295),
	(551, 301, 296),
	(552, 302, 297),
	(553, 303, 298),
	(554, 304, 299),
	(555, 305, 300),
	(556, 309, 301),
	(557, 319, 311),
	(558, 190, 312),
	(559, 320, 316),
	(560, 321, 315),
	(561, 322, 314),
	(562, 323, 313),
	(563, 312, 302),
	(564, 313, 303),
	(565, 313, 303),
	(566, 314, 304),
	(567, 316, 305),
	(568, 317, 306),
	(569, 315, 307),
	(570, 315, 307),
	(571, 318, 308),
	(572, 324, 317),
	(573, 325, 318),
	(574, 326, 319),
	(575, 327, 320),
	(576, 328, 321),
	(577, 329, 323),
	(578, 330, 324),
	(579, 332, 325),
	(580, 281, 328),
	(581, 281, 329),
	(582, 289, 331),
	(583, 289, 332),
	(584, 333, 333),
	(585, 334, 334),
	(586, 335, 335),
	(587, 338, 336),
	(588, 339, 337),
	(589, 395, 338),
	(590, 342, 339),
	(591, 343, 345),
	(592, 344, 348),
	(593, 345, 349),
	(594, 346, 350),
	(595, 347, 351),
	(596, 348, 352),
	(597, 112, 353),
	(598, 260, 355),
	(599, 229, 355),
	(600, 227, 355),
	(601, 263, 355),
	(602, 289, 355),
	(603, 317, 355),
	(604, 319, 355),
	(605, 309, 355),
	(606, 329, 355),
	(607, 318, 355),
	(608, 323, 355),
	(610, 69, 347),
	(613, 316, 356),
	(618, 321, 356),
	(619, 335, 356),
	(620, 349, 357),
	(623, 290, 356),
	(624, 12, 9),
	(625, 1, 2),
	(626, 350, 358),
	(627, 70, 347),
	(629, 351, 359),
	(630, 352, 360),
	(631, 353, 361),
	(632, 354, 365),
	(633, 355, 366),
	(634, 356, 368),
	(635, 357, 367),
	(636, 358, 369),
	(637, 318, 344),
	(638, 359, 370),
	(639, 360, 371),
	(640, 361, 372),
	(641, 329, 356),
	(642, 362, 373),
	(643, 363, 374),
	(644, 190, 375),
	(645, 365, 376),
	(646, 366, 377),
	(647, 367, 378),
	(648, 368, 379),
	(649, 369, 380),
	(650, 370, 382),
	(651, 191, 383),
	(652, 371, 384),
	(653, 10, 389),
	(654, 376, 386),
	(655, 377, 387),
	(656, 378, 388),
	(657, 379, 390),
	(658, 380, 391),
	(659, 381, 393),
	(660, 382, 392),
	(662, 383, 394),
	(665, 388, 396),
	(666, 396, 397),
	(667, 397, 398),
	(668, 398, 399),
	(669, 399, 400),
	(670, 400, 401),
	(671, 401, 402),
	(672, 402, 403),
	(673, 403, 404),
	(674, 404, 405),
	(675, 405, 406),
	(676, 190, 407),
	(677, 372, 385),
	(678, 10, 408),
	(679, 406, 409),
	(680, 407, 410),
	(681, 408, 411),
	(682, 409, 412),
	(683, 410, 413),
	(684, 411, 414),
	(685, 412, 415),
	(686, 413, 416),
	(687, 10, 418),
	(688, 190, 419),
	(689, 415, 422),
	(690, 415, 421),
	(691, 416, 420),
	(692, 417, 423),
	(693, 418, 424),
	(694, 419, 425),
	(695, 251, 426),
	(696, 421, 427),
	(697, 422, 428),
	(698, 423, 430),
	(699, 353, 431),
	(700, 424, 432),
	(701, 425, 433),
	(702, 426, 434),
	(703, 43, 435),
	(704, 427, 436),
	(705, 428, 437),
	(706, 429, 438),
	(707, 430, 439),
	(708, 431, 440),
	(709, 432, 441),
	(710, 433, 442),
	(711, 190, 443),
	(712, 435, 445),
	(713, 436, 446),
	(714, 437, 447),
	(716, 439, 450),
	(718, 438, 448),
	(719, 441, 451),
	(720, 442, 452),
	(721, 443, 453),
	(727, 1, 3),
	(728, 444, 454),
	(729, 445, 455),
	(730, 446, 456),
	(731, 447, 457),
	(732, 448, 458),
	(733, 449, 459),
	(734, 450, 460),
	(735, 434, 444),
	(736, 451, 461),
	(737, 381, 429),
	(738, 452, 462),
	(739, 453, 463),
	(741, 454, 465),
	(742, 458, 466),
	(744, 435, 468),
	(745, 435, 469),
	(746, 435, 470),
	(747, 460, 471),
	(748, 461, 472),
	(750, 462, 474),
	(751, 440, 475),
	(752, 440, 476),
	(755, 465, 478),
	(757, 209, 479),
	(759, 467, 482),
	(760, 466, 481),
	(762, 469, 484),
	(763, 470, 485),
	(764, 440, 486),
	(765, 472, 488),
	(766, 473, 487),
	(767, 474, 489),
	(768, 475, 490),
	(769, 477, 491),
	(770, 478, 492),
	(771, 479, 493),
	(772, 480, 494),
	(773, 481, 495),
	(778, 5, 6),
	(780, 485, 353),
	(781, 463, 353),
	(782, 435, 500),
	(783, 486, 501),
	(784, 440, 502),
	(785, 487, 503),
	(786, 488, 504),
	(787, 489, 505),
	(788, 490, 464),
	(789, 491, 467),
	(790, 492, 506),
	(791, 493, 496),
	(792, 494, 497),
	(793, 494, 498),
	(794, 493, 499),
	(795, 435, 507),
	(796, 496, 508),
	(797, 497, 509),
	(798, 435, 510),
	(799, 498, 511),
	(800, 499, 512),
	(801, 435, 513),
	(802, 460, 358),
	(803, 465, 358),
	(808, 440, 514),
	(809, 470, 515),
	(810, 440, 516),
	(811, 435, 517),
	(813, 435, 518),
	(814, 501, 519),
	(815, 494, 520),
	(816, 502, 521),
	(817, 502, 522),
	(818, 502, 523),
	(819, 435, 525),
	(820, 435, 524),
	(821, 503, 526),
	(823, 505, 528),
	(824, 466, 529),
	(825, 506, 530),
	(826, 507, 404),
	(827, 508, 533),
	(828, 509, 534),
	(829, 510, 535),
	(830, 511, 536),
	(831, 512, 537),
	(832, 513, 538),
	(833, 514, 539),
	(834, 515, 540),
	(835, 516, 541),
	(836, 517, 542),
	(837, 518, 543),
	(838, 519, 545),
	(839, 435, 544),
	(840, 520, 546),
	(841, 521, 547),
	(844, 467, 548),
	(845, 468, 549),
	(846, 524, 550),
	(847, 525, 551),
	(848, 526, 552),
	(849, 527, 553),
	(850, 528, 554),
	(851, 529, 555),
	(852, 531, 556),
	(853, 522, 557),
	(854, 532, 558),
	(855, 533, 559),
	(856, 534, 560),
	(857, 537, 562),
	(858, 535, 561),
	(859, 538, 563),
	(860, 539, 564),
	(861, 540, 565),
	(862, 541, 566),
	(863, 542, 567),
	(864, 543, 568),
	(865, 544, 569),
	(866, 546, 571),
	(867, 545, 570),
	(868, 547, 572),
	(869, 548, 573),
	(870, 549, 574),
	(871, 550, 575),
	(872, 551, 576),
	(873, 552, 577),
	(874, 553, 578),
	(875, 554, 579),
	(876, 555, 580),
	(877, 556, 581),
	(878, 557, 582),
	(879, 558, 583),
	(880, 559, 584),
	(881, 560, 585),
	(882, 561, 586),
	(883, 562, 587),
	(884, 563, 588),
	(885, 564, 589),
	(886, 565, 590),
	(887, 566, 591),
	(888, 567, 592),
	(889, 568, 593),
	(890, 569, 594),
	(891, 570, 595),
	(892, 571, 596),
	(893, 572, 597),
	(894, 573, 598),
	(895, 574, 599),
	(896, 575, 600),
	(897, 576, 601),
	(898, 577, 602),
	(899, 578, 603),
	(900, 579, 604),
	(901, 580, 605),
	(902, 581, 606),
	(903, 582, 607),
	(904, 583, 608),
	(905, 584, 609),
	(906, 585, 610),
	(907, 586, 611),
	(908, 587, 612),
	(909, 588, 613),
	(911, 590, 620),
	(912, 435, 621),
	(913, 591, 622),
	(914, 592, 623),
	(915, 594, 624),
	(916, 598, 625),
	(917, 601, 626),
	(918, 596, 627),
	(921, 493, 628),
	(922, 603, 629),
	(923, 12, 630),
	(924, 604, 631),
	(925, 606, 632),
	(926, 608, 633),
	(927, 610, 635),
	(928, 463, 636),
	(929, 609, 634),
	(930, 612, 637),
	(931, 609, 638),
	(932, 613, 639),
	(933, 614, 527),
	(934, 504, 640),
	(935, 10, 641),
	(936, 10, 642),
	(937, 615, 643),
	(938, 463, 644),
	(939, 485, 644),
	(940, 616, 645),
	(941, 616, 646),
	(942, 400, 3),
	(943, 617, 647),
	(944, 474, 648),
	(945, 619, 649),
	(946, 624, 650),
	(947, 625, 651),
	(949, 5, 652),
	(950, 4, 653),
	(952, 629, 655),
	(953, 630, 656),
	(955, 632, 658),
	(956, 633, 659),
	(957, 634, 660),
	(958, 635, 661),
	(959, 636, 662),
	(960, 637, 663),
	(961, 638, 664),
	(962, 639, 665),
	(963, 640, 666),
	(964, 641, 667),
	(965, 642, 668),
	(966, 643, 669),
	(967, 644, 670),
	(968, 645, 671),
	(969, 646, 672),
	(970, 647, 673),
	(971, 648, 674),
	(972, 648, 675),
	(973, 648, 676),
	(974, 609, 677),
	(975, 609, 678),
	(976, 609, 679),
	(977, 609, 680),
	(978, 609, 681),
	(979, 609, 682),
	(980, 609, 683),
	(981, 609, 684),
	(982, 609, 685),
	(983, 609, 686),
	(984, 609, 687),
	(985, 649, 688),
	(986, 650, 689),
	(987, 651, 696),
	(988, 653, 697),
	(989, 655, 698),
	(990, 609, 699),
	(991, 609, 700),
	(992, 656, 702),
	(993, 657, 703),
	(994, 609, 704),
	(995, 609, 705),
	(996, 658, 706),
	(997, 609, 707),
	(998, 609, 708),
	(999, 659, 709),
	(1000, 660, 710),
	(1001, 661, 711),
	(1002, 629, 657),
	(1003, 662, 654),
	(1004, 662, 395),
	(1005, 663, 712),
	(1006, 664, 713),
	(1007, 665, 714),
	(1008, 600, 715),
	(1009, 666, 716),
	(1010, 373, 717),
	(1011, 608, 718),
	(1012, 609, 719),
	(1013, 609, 720),
	(1014, 609, 721),
	(1015, 609, 722),
	(1016, 667, 723),
	(1017, 609, 724),
	(1018, 609, 725),
	(1019, 609, 726),
	(1020, 609, 727),
	(1021, 609, 728),
	(1022, 609, 729),
	(1023, 668, 730),
	(1024, 669, 731),
	(1025, 670, 732),
	(1026, 609, 733),
	(1027, 609, 734),
	(1028, 609, 735),
	(1029, 671, 736),
	(1030, 672, 737),
	(1031, 609, 738),
	(1032, 673, 739),
	(1033, 609, 740),
	(1034, 609, 741),
	(1035, 609, 742),
	(1036, 435, 743),
	(1037, 609, 744),
	(1038, 675, 745),
	(1039, 609, 746),
	(1040, 674, 747),
	(1041, 674, 748),
	(1042, 674, 749),
	(1043, 676, 750),
	(1044, 677, 751),
	(1045, 678, 752),
	(1046, 609, 753),
	(1047, 679, 754),
	(1048, 190, 755),
	(1049, 609, 756),
	(1050, 609, 757),
	(1051, 435, 758),
	(1052, 681, 759),
	(1053, 683, 760),
	(1054, 609, 761),
	(1055, 684, 762),
	(1056, 446, 763),
	(1057, 446, 359),
	(1058, 446, 394),
	(1059, 446, 446),
	(1060, 683, 764),
	(1061, 685, 765),
	(1062, 686, 766),
	(1063, 687, 767),
	(1064, 446, 768),
	(1065, 446, 769),
	(1066, 655, 770),
	(1067, 656, 770),
	(1068, 689, 771),
	(1070, 673, 772),
	(1071, 315, 773),
	(1073, 692, 775),
	(1075, 695, 777),
	(1076, 696, 778),
	(1077, 697, 774),
	(1078, 698, 779),
	(1079, 698, 780),
	(1080, 698, 781),
	(1081, 609, 782),
	(1082, 609, 783),
	(1083, 609, 784),
	(1084, 609, 785),
	(1085, 700, 786),
	(1086, 609, 787),
	(1087, 314, 788),
	(1088, 696, 789),
	(1089, 675, 790),
	(1090, 698, 791),
	(1091, 698, 792),
	(1092, 698, 793),
	(1093, 698, 794),
	(1094, 698, 795),
	(1095, 698, 796),
	(1096, 698, 797),
	(1097, 698, 798),
	(1098, 698, 799),
	(1099, 698, 800),
	(1100, 702, 802),
	(1101, 702, 801),
	(1102, 702, 803),
	(1104, 703, 805),
	(1105, 704, 806),
	(1106, 435, 807),
	(1107, 435, 808),
	(1108, 703, 809),
	(1109, 703, 810),
	(1110, 705, 811),
	(1111, 706, 804),
	(1112, 531, 817),
	(1113, 510, 818),
	(1114, 326, 819),
	(1117, 685, 820),
	(1118, 685, 821),
	(1119, 707, 822),
	(1120, 609, 823),
	(1121, 609, 824),
	(1122, 708, 825),
	(1123, 708, 826),
	(1124, 708, 827),
	(1125, 708, 828),
	(1126, 708, 829),
	(1127, 708, 830),
	(1128, 209, 831),
	(1129, 709, 832),
	(1130, 710, 833),
	(1131, 710, 834),
	(1132, 708, 835),
	(1133, 711, 836),
	(1134, 609, 837),
	(1135, 681, 838),
	(1136, 708, 839),
	(1137, 708, 840),
	(1138, 708, 841),
	(1139, 708, 842),
	(1140, 435, 843),
	(1141, 655, 844),
	(1142, 435, 845),
	(1143, 712, 846),
	(1144, 713, 847),
	(1145, 714, 848),
	(1146, 716, 849),
	(1147, 715, 851),
	(1148, 717, 850),
	(1149, 718, 852),
	(1150, 696, 853),
	(1151, 715, 854),
	(1152, 715, 855),
	(1153, 715, 856),
	(1154, 715, 857),
	(1155, 719, 858),
	(1156, 720, 859),
	(1157, 715, 860),
	(1158, 281, 861),
	(1159, 715, 862),
	(1160, 715, 863),
	(1161, 715, 864),
	(1162, 609, 865),
	(1163, 609, 866),
	(1164, 715, 867),
	(1165, 715, 868),
	(1166, 715, 869),
	(1167, 715, 870),
	(1168, 715, 871),
	(1169, 715, 872),
	(1170, 715, 873),
	(1171, 723, 874),
	(1172, 715, 875),
	(1173, 715, 876),
	(1174, 696, 877),
	(1175, 609, 878),
	(1176, 609, 879),
	(1177, 609, 880),
	(1178, 713, 881),
	(1179, 554, 882),
	(1180, 724, 883),
	(1181, 675, 884),
	(1182, 725, 885),
	(1183, 696, 886),
	(1184, 693, 776),
	(1185, 726, 887),
	(1186, 715, 888),
	(1187, 289, 889),
	(1188, 609, 890),
	(1189, 715, 891),
	(1190, 715, 892),
	(1191, 727, 894),
	(1192, 728, 895),
	(1193, 729, 896),
	(1194, 730, 897),
	(1195, 704, 898),
	(1197, 715, 899),
	(1198, 732, 900),
	(1199, 733, 901),
	(1200, 734, 902),
	(1201, 735, 903),
	(1202, 735, 904),
	(1203, 735, 905),
	(1204, 737, 906),
	(1205, 609, 907),
	(1207, 326, 908),
	(1208, 738, 909),
	(1209, 715, 910),
	(1210, 739, 911),
	(1211, 195, 912),
	(1212, 740, 913),
	(1213, 742, 916),
	(1214, 743, 917),
	(1215, 475, 918),
	(1216, 744, 919),
	(1217, 745, 920),
	(1218, 190, 921),
	(1219, 648, 922),
	(1220, 732, 923),
	(1221, 715, 924),
	(1222, 715, 925),
	(1223, 715, 926),
	(1224, 715, 927),
	(1225, 746, 928),
	(1226, 747, 929),
	(1227, 319, 930),
	(1228, 673, 931),
	(1229, 195, 932),
	(1230, 673, 955),
	(1231, 673, 956),
	(1232, 447, 943),
	(1233, 715, 957),
	(1234, 715, 958),
	(1235, 715, 959),
	(1236, 715, 960),
	(1237, 715, 961),
	(1238, 715, 962),
	(1239, 715, 963),
	(1240, 673, 964),
	(1241, 675, 965),
	(1242, 531, 966),
	(1243, 748, 967),
	(1244, 748, 968),
	(1245, 702, 969),
	(1246, 749, 970),
	(1247, 750, 971),
	(1248, 751, 972);
/*!40000 ALTER TABLE `API_PERMISSION` ENABLE KEYS */;

-- Dumping structure for table ySmdjxnAyh.PERMISSION
CREATE TABLE IF NOT EXISTS `PERMISSION` (
  `ID` bigint(20) NOT NULL AUTO_INCREMENT,
  `NAME` varchar(200) NOT NULL,
  `ZONE_ID` bigint(20) NOT NULL,
  `UPDATE_ID` varchar(100) DEFAULT NULL,
  `CREATED_TIME` timestamp NOT NULL DEFAULT CURRENT_TIMESTAMP ON UPDATE CURRENT_TIMESTAMP,
  `UPDATED_VERSION` bigint(20) NOT NULL DEFAULT '1',
  `STATUS` tinyint(4) NOT NULL DEFAULT '1',
  `DESCRIPTION` text,
  PRIMARY KEY (`ID`),
  UNIQUE KEY `PERMISSION_UN` (`NAME`,`ZONE_ID`),
  KEY `PERMISSION_NAME_IDX` (`NAME`) USING BTREE,
  KEY `PERMISSION_CREATED_TIME_IDX` (`CREATED_TIME`) USING BTREE,
  KEY `PERMISSION_ZONE_ID_IDX` (`ZONE_ID`,`NAME`) USING BTREE,
  CONSTRAINT `PERMISSION_FK` FOREIGN KEY (`ZONE_ID`) REFERENCES `SE_ZONE` (`id`)
) ENGINE=InnoDB AUTO_INCREMENT=752 DEFAULT CHARSET=utf8;

-- Dumping data for table ySmdjxnAyh.PERMISSION: ~728 rows (approximately)
/*!40000 ALTER TABLE `PERMISSION` DISABLE KEYS */;
INSERT INTO `PERMISSION` (`ID`, `NAME`, `ZONE_ID`, `UPDATE_ID`, `CREATED_TIME`, `UPDATED_VERSION`, `STATUS`, `DESCRIPTION`) VALUES
	(1, 'auth:role:getRoles', 2, NULL, '2020-06-16 06:48:15', 25, 1, 'string'),
	(2, 'auth:role:getUserRole', 2, NULL, '2020-06-16 06:48:36', 1, 1, NULL),
	(3, 'auth:role:getPermission', 2, NULL, '2020-06-16 06:48:56', 1, 1, NULL),
	(4, 'auth:role:assignRole', 2, NULL, '2020-06-16 06:49:20', 1, 1, NULL),
	(5, 'auth:role:revokeRole', 2, NULL, '2020-06-16 06:49:39', 1, 1, NULL),
	(6, 'auth:role:checkPermission', 2, NULL, '2020-06-16 06:50:06', 1, 1, NULL),
	(7, 'auth:verifyAccessToken', 2, NULL, '2020-06-16 06:50:23', 3, 1, NULL),
	(8, 'auth:metadata:view:king', 2, NULL, '2020-06-22 08:08:29', 1, 1, NULL),
	(9, 'auth:permission:view:king', 2, NULL, '2020-06-22 10:00:13', 1, 1, NULL),
	(10, 'auth:role:edit:king', 2, NULL, '2020-06-22 10:25:51', 1, 1, NULL),
	(11, 'auth:role:edit', 2, NULL, '2020-06-23 01:42:53', 1, 1, NULL),
	(12, 'auth:subject:getShortInfo', 2, NULL, '2020-06-23 07:54:47', 1, 1, NULL),
	(13, 'auth:system:healthCheck', 2, NULL, '2020-06-24 03:32:48', 1, 1, NULL),
	(14, 'sample:hotel:getById', 4, NULL, '2020-06-25 03:55:01', 1, 1, NULL),
	(15, 'sample:user:getByToken', 4, NULL, '2020-06-25 03:55:24', 1, 1, NULL),
	(16, 'tripione:corporatePortal:company:view', 5, NULL, '2020-09-15 10:56:22', 1, 1, NULL),
	(17, 'auth:subject:view:king', 2, NULL, '2020-06-25 09:27:30', 1, 1, NULL),
	(18, 'auth:system:getMetadata', 2, NULL, '2020-06-26 04:43:26', 1, 1, NULL),
	(19, 'tripione:corporatePortal:department:filter', 5, NULL, '2020-09-18 02:23:12', 1, 1, NULL),
	(20, 'hms:promotion:preview', 1, NULL, '2020-06-30 02:16:13', 1, 1, NULL),
	(21, 'auth:role:edit', 5, NULL, '2020-06-30 07:03:16', 1, 1, NULL),
	(22, 'tripione:corporatePortal:department:create', 5, NULL, '2020-09-16 02:29:37', 1, 1, NULL),
	(23, 'tripione:department:delete', 5, NULL, '2020-06-30 02:15:47', 1, 1, NULL),
	(24, 'tripione:companyinfo:view', 5, NULL, '2020-06-30 02:15:47', 1, 1, NULL),
	(25, 'tripione:corporatePortal:company:edit', 5, NULL, '2020-09-15 10:56:34', 1, 1, NULL),
	(26, 'tripione:corporatePortal:jobTitle:filter', 5, NULL, '2020-09-16 02:39:44', 1, 1, NULL),
	(27, 'tripione:corporatePortal:jobTitle:create', 5, NULL, '2020-09-16 02:38:16', 1, 1, NULL),
	(28, 'tripione:corporatePortal:jobTitle:delete', 5, NULL, '2020-09-16 02:39:58', 1, 1, NULL),
	(29, 'tripione:corporatePortal:user:filter', 5, NULL, '2020-09-16 04:22:14', 1, 1, NULL),
	(30, 'tripione:corporatePortal:user:create', 5, NULL, '2020-09-16 02:48:03', 1, 1, NULL),
	(31, 'tripione:corporatePortal:user:delete', 5, NULL, '2020-09-16 02:48:13', 1, 1, NULL),
	(32, 'tripione:corporatePortal:individual:budgetPolicy:filter', 5, NULL, '2020-09-16 03:11:55', 1, 1, NULL),
	(33, 'tripione:corporatePortal:individual:budgetPolicy:create', 5, NULL, '2020-09-16 03:11:27', 1, 1, NULL),
	(34, 'tripione:corporatePortal:individual:budgetPolicy:delete', 5, NULL, '2020-09-16 03:23:14', 1, 1, NULL),
	(35, 'tripione:basic', 5, NULL, '2020-06-30 02:15:47', 1, 1, NULL),
	(36, 'tripione:corporatePortal:approvalPolicy:filter', 5, NULL, '2020-09-16 03:27:41', 1, 1, NULL),
	(37, 'tripione:corporatePortal:approvalPolicy:create', 5, NULL, '2020-09-16 03:27:59', 1, 1, NULL),
	(38, 'auth:permission:create', 2, NULL, '2020-07-03 03:36:21', 1, 1, NULL),
	(39, 'auth:role:create', 2, NULL, '2020-07-03 03:40:00', 0, 1, NULL),
	(40, 'auth:api:create', 2, NULL, '2020-07-03 04:16:22', 0, 1, NULL),
	(41, 'auth:api:assignPermission', 2, NULL, '2020-07-03 04:38:16', 1, 1, NULL),
	(42, 'auth:api:revokePermission', 2, NULL, '2020-07-03 04:40:17', 0, 1, NULL),
	(43, 'auth:role:assignRolePermission', 2, NULL, '2020-07-03 04:47:56', 1, 1, NULL),
	(44, 'auth:zone:create', 2, NULL, '2020-07-03 04:52:50', 0, 1, NULL),
	(45, 'auth:zone:createSecretKey', 2, NULL, '2020-07-03 05:01:42', 1, 1, NULL),
	(46, 'auth:role:revokeRolePermission', 2, NULL, '2020-07-03 06:33:16', 1, 1, NULL),
	(48, 'auth:api:updateApi', 2, NULL, '2020-07-03 07:49:59', 1, 1, NULL),
	(49, 'auth:api:deleteApi', 2, NULL, '2020-07-03 07:50:22', 1, 1, NULL),
	(50, 'auth:api:searchApi', 2, NULL, '2020-07-03 07:50:40', 1, 1, NULL),
	(51, 'auth:permission:updatePermission', 2, NULL, '2020-07-03 09:24:20', 1, 1, NULL),
	(52, 'auth:permission:deletePermission', 2, NULL, '2020-07-03 09:24:20', 1, 1, NULL),
	(53, 'auth:permission:searchPermission', 2, NULL, '2020-07-03 09:24:20', 1, 1, NULL),
	(54, 'demo:zone:create', 6, NULL, '2020-07-03 09:47:45', 4, 1, 'this is the update description'),
	(55, 'demo:zone:create', 3, NULL, '2020-07-03 09:51:21', 0, 1, NULL),
	(56, 'auth:role:updateRole', 2, NULL, '2020-07-03 09:59:00', 1, 1, NULL),
	(57, 'auth:role:deleteRole', 2, NULL, '2020-07-03 09:59:16', 1, 1, NULL),
	(58, 'auth:zone:searchZone', 2, NULL, '2020-07-03 10:49:21', 1, 1, NULL),
	(59, 'auth:zone:updateZone', 2, NULL, '2020-07-03 10:49:21', 1, 1, NULL),
	(60, 'auth:zone:deleteZone', 2, NULL, '2020-07-03 10:49:21', 1, 1, NULL),
	(63, 'auth:zone:updateSecretKey', 2, NULL, '2020-07-03 10:50:54', 1, 1, NULL),
	(64, 'auth:zone:deleteSecretKey', 2, NULL, '2020-07-03 10:50:54', 1, 1, NULL),
	(65, 'auth:zone:searchSecretKey', 2, NULL, '2020-07-03 10:50:54', 1, 1, NULL),
	(66, 'auth:account:findAccount', 2, NULL, '2020-07-06 02:27:49', 1, 1, NULL),
	(67, 'auth:account:logout', 2, NULL, '2020-07-06 03:38:10', 1, 1, NULL),
	(68, 'auth:account:logout:king', 2, NULL, '2020-07-06 03:38:29', 1, 1, NULL),
	(69, 'hotel-content:mapper:map', 7, NULL, '2020-07-08 08:31:26', 1, 1, NULL),
	(70, 'hotel-content:mapper:view', 7, NULL, '2020-07-08 08:31:26', 1, 1, NULL),
	(71, 'hotel-content:mapper:approve', 7, NULL, '2020-06-16 06:48:15', 1, 1, NULL),
	(72, 'auth:zone:getTokenKey', 2, NULL, '2020-07-03 05:01:42', 1, 1, NULL),
	(73, 'hms:account:changePasswordNew', 1, NULL, '2020-07-09 04:38:47', 1, 1, NULL),
	(74, 'hms:account:findHotelProvider', 1, NULL, '2020-07-09 04:38:47', 1, 1, NULL),
	(75, 'hms:account:getHotelProviderDetailInfo', 1, NULL, '2020-07-09 04:38:47', 1, 1, NULL),
	(76, 'hms:account:listUsers', 1, NULL, '2020-07-09 04:38:47', 1, 1, NULL),
	(77, 'hms:account:updateProviderInfo', 1, NULL, '2020-07-09 04:38:47', 1, 1, NULL),
	(78, 'hms:account:updateProviderNotification', 1, NULL, '2020-07-09 04:38:47', 1, 1, NULL),
	(79, 'hms:auth:assignRole', 1, NULL, '2020-07-09 04:38:47', 1, 1, NULL),
	(80, 'hms:auth:listRoles', 1, NULL, '2020-07-09 04:38:47', 1, 1, NULL),
	(81, 'hms:auth:listUserPermisions', 1, NULL, '2020-07-09 04:38:47', 1, 1, NULL),
	(82, 'hms:auth:listUserRoles', 1, NULL, '2020-07-09 04:38:47', 1, 1, NULL),
	(83, 'hms:auth:revokeRole', 1, NULL, '2020-07-09 04:38:47', 1, 1, NULL),
	(84, 'hms:account:update:metaData', 1, NULL, '2020-07-09 04:38:47', 1, 1, NULL),
	(85, 'hms:hotel:activateHotel', 1, NULL, '2020-07-09 04:38:47', 1, 1, NULL),
	(86, 'hms:hotel:checkOliveHotel', 1, NULL, '2020-07-09 04:38:47', 1, 1, NULL),
	(87, 'hms:hotel:childrenPolicy:getHotelChildrenPolicy', 1, NULL, '2020-07-09 04:38:47', 1, 1, NULL),
	(88, 'hms:hotel:childrenSurcharge:addChildrenSurcharge', 1, NULL, '2020-07-09 04:38:47', 1, 1, NULL),
	(89, 'hms:hotel:childrenSurcharge:getChildrenSurcharge', 1, NULL, '2020-07-09 04:38:47', 1, 1, NULL),
	(90, 'hms:hotel:commission:checkCommission', 1, NULL, '2020-07-09 04:38:47', 1, 1, NULL),
	(91, 'hms:hotel:commission:getSellingHotelCommission', 1, NULL, '2020-07-09 04:38:47', 1, 1, NULL),
	(92, 'hms:hotel:commission:updateSellingHotelCommission', 1, NULL, '2020-07-09 04:38:47', 1, 1, NULL),
	(93, 'hms:hotel:deactivateHotel', 1, NULL, '2020-07-09 04:38:47', 1, 1, NULL),
	(94, 'hms:hotel:report:exportHotelsBookingReport', 1, NULL, '2020-07-09 04:38:47', 1, 1, NULL),
	(95, 'hms:hotel:extraBedPolicy:getHotelExtraBedPolicy', 1, NULL, '2020-07-09 04:38:47', 1, 1, NULL),
	(96, 'hms:hotel:extraBedPolicy:updateHotelExtraBedPolicy', 1, NULL, '2020-07-09 04:38:47', 1, 1, NULL),
	(97, 'hms:hotel:getAll', 1, NULL, '2020-07-09 04:38:47', 1, 1, NULL),
	(98, 'hms:hotel:getAllHotelCategories', 1, NULL, '2020-07-09 04:38:47', 1, 1, NULL),
	(99, 'hms:hotel:booking:getBookingDetailsForProvider', 1, NULL, '2020-07-09 04:38:47', 1, 1, NULL),
	(100, 'hms:hotel:getDistricts', 1, NULL, '2020-07-09 04:38:47', 1, 1, NULL),
	(101, 'hms:hotel:getHotel', 1, NULL, '2020-07-09 04:38:47', 1, 1, NULL),
	(102, 'hms:hotel:booking:getHotelsBooking', 1, NULL, '2020-07-09 04:38:47', 1, 1, NULL),
	(103, 'hms:hotel:getHotelsOfProvider', 1, NULL, '2020-07-09 04:38:47', 1, 1, NULL),
	(104, 'hms:hotel:getHotelsOfUser', 1, NULL, '2020-07-09 04:38:47', 1, 1, NULL),
	(105, 'hms:hotel:booking:getNumberHotelBookingsSuccess', 1, NULL, '2020-07-09 04:38:47', 1, 1, NULL),
	(106, 'hms:hotel:getProvinces', 1, NULL, '2020-07-09 04:38:47', 1, 1, NULL),
	(107, 'hms:hotel:getRequestActiveHotel', 1, NULL, '2020-07-09 04:38:47', 1, 1, NULL),
	(108, 'hms:hotel:getStreets', 1, NULL, '2020-07-09 04:38:47', 1, 1, NULL),
	(109, 'hms:hotel:handleRequestActiveHotel', 1, NULL, '2020-07-09 04:38:47', 1, 1, NULL),
	(110, 'hms:hotel:history:getHistoryAction', 1, NULL, '2020-07-09 04:38:47', 1, 1, NULL),
	(111, 'hms:hotel:newHotel', 1, NULL, '2020-07-09 04:38:47', 1, 1, NULL),
	(112, 'hms:hotel:photos:imageTypes', 1, NULL, '2020-07-09 04:38:47', 1, 1, NULL),
	(113, 'hms:hotel:photos:roomPhotos', 1, NULL, '2020-07-09 04:38:47', 1, 1, NULL),
	(114, 'hms:hotel:photos:updateRoomPhotos', 1, NULL, '2020-07-09 04:38:47', 1, 1, NULL),
	(115, 'hms:hotel:promotion:updatePromotion', 1, NULL, '2020-07-09 04:38:47', 1, 1, NULL),
	(116, 'hms:hotel:promotion:addPromotion', 1, NULL, '2020-07-09 04:38:47', 1, 1, NULL),
	(117, 'hms:hotel:promotion:getPromotions', 1, NULL, '2020-07-09 04:38:47', 1, 1, NULL),
	(118, 'hms:hotel:promotion:promotion_types', 1, NULL, '2020-07-09 04:38:47', 1, 1, NULL),
	(119, 'hms:hotel:rate:listRateControl', 1, NULL, '2020-07-09 04:38:47', 1, 1, NULL),
	(120, 'hms:hotel:rate:updateRateControl', 1, NULL, '2020-07-09 04:38:47', 1, 1, NULL),
	(121, 'hms:hotel:removeProviderOfHotel', 1, NULL, '2020-07-09 04:38:47', 1, 1, NULL),
	(122, 'hms:hotel:report:getHmsRevenueReportByDay', 1, NULL, '2020-07-09 04:38:47', 1, 1, NULL),
	(123, 'hms:hotel:report:getHmsRevenueReportByMonth', 1, NULL, '2020-07-09 04:38:47', 1, 1, NULL),
	(124, 'hms:hotel:requestActiveHotel', 1, NULL, '2020-07-09 04:38:47', 1, 1, NULL),
	(125, 'hms:hotel:room:getRoomRatePlans', 1, NULL, '2020-07-09 04:38:47', 1, 1, NULL),
	(126, 'hms:hotel:roomSetting:getRoomSetting', 1, NULL, '2020-07-09 04:38:47', 1, 1, NULL),
	(127, 'hms:hotel:room:listRoomControl', 1, NULL, '2020-07-09 04:38:47', 1, 1, NULL),
	(128, 'hms:hotel:roomSetting:roomTypes', 1, NULL, '2020-07-09 04:38:47', 1, 1, NULL),
	(129, 'hms:hotel:room:updateRoomControl', 1, NULL, '2020-07-09 04:38:47', 1, 1, NULL),
	(130, 'hms:hotel:roomSetting:updateRoomSetting', 1, NULL, '2020-07-09 04:38:47', 1, 1, NULL),
	(131, 'hms:hotel:roomSetting:roomDetail', 1, NULL, '2020-07-09 04:38:47', 1, 1, NULL),
	(132, 'hms:hotel:searchByHotelIds', 1, NULL, '2020-07-09 04:38:47', 1, 1, NULL),
	(133, 'hms:hotel:sendEmailHandleRequestActiveHotel', 1, NULL, '2020-07-09 04:38:47', 1, 1, NULL),
	(134, 'hms:hotel:updateHotel', 1, NULL, '2020-07-09 04:38:47', 1, 1, NULL),
	(135, 'hms:hotel:getBedTypes', 1, NULL, '2020-07-09 04:38:47', 1, 1, NULL),
	(136, 'hms:hotel:roomSetting:view:king', 1, NULL, '2020-07-09 04:38:47', 1, 1, NULL),
	(137, 'hms:hotel:view:king', 1, NULL, '2020-07-09 04:38:47', 1, 1, NULL),
	(138, 'hms:hotel:rate:view:king', 1, NULL, '2020-07-09 04:38:47', 1, 1, NULL),
	(139, 'hms:hotel:room:view:king', 1, NULL, '2020-07-09 04:38:47', 1, 1, NULL),
	(140, 'hms:hotel:room:edit:king', 1, NULL, '2020-07-09 04:38:47', 1, 1, NULL),
	(141, 'hms:account:findUsers', 1, NULL, '2020-07-09 04:38:47', 1, 1, NULL),
	(142, 'hms:account:getAllRolePermission', 1, NULL, '2020-07-09 04:38:47', 1, 1, NULL),
	(143, 'hms:account:setUserRole', 1, NULL, '2020-07-09 04:38:47', 1, 1, NULL),
	(144, 'hms:account:view:king', 1, NULL, '2020-07-09 04:38:47', 1, 1, NULL),
	(145, 'hms:account:edit:king', 1, NULL, '2020-07-09 04:38:47', 1, 1, NULL),
	(146, 'hms:auth:view:king', 1, NULL, '2020-07-09 04:38:47', 1, 1, NULL),
	(147, 'hms:hotel:edit:king', 1, NULL, '2020-07-09 04:38:47', 1, 1, NULL),
	(148, 'hms:hotel:childrenPolicy:view:king', 1, NULL, '2020-07-09 04:38:47', 1, 1, NULL),
	(149, 'hms:hotel:childrenPolicy:edit:king', 1, NULL, '2020-07-09 04:38:47', 1, 1, NULL),
	(150, 'hms:hotel:commission:view:king', 1, NULL, '2020-07-09 04:38:47', 1, 1, NULL),
	(151, 'hms:hotel:report:view:king', 1, NULL, '2020-07-09 04:38:47', 1, 1, NULL),
	(152, 'hms:hotel:extraBedPolicy:view:king', 1, NULL, '2020-07-09 04:38:47', 1, 1, NULL),
	(153, 'hms:hotel:extraBedPolicy:edit:king', 1, NULL, '2020-07-09 04:38:48', 1, 1, NULL),
	(154, 'hms:hotel:booking:view:king', 1, NULL, '2020-07-09 04:38:48', 1, 1, NULL),
	(155, 'hms:hotel:photos:view:king', 1, NULL, '2020-07-09 04:38:48', 1, 1, NULL),
	(156, 'hms:hotel:photos:edit:king', 1, NULL, '2020-07-09 04:38:48', 1, 1, NULL),
	(157, 'hms:hotel:promotion:view:king', 1, NULL, '2020-07-09 04:38:48', 1, 1, NULL),
	(158, 'hms:hotel:promotion:edit:king', 1, NULL, '2020-07-09 04:38:48', 1, 1, NULL),
	(159, 'hms:hotel:rate:edit:king', 1, NULL, '2020-07-09 04:38:48', 1, 1, NULL),
	(160, 'hms:hotel:roomSetting:edit:king', 1, NULL, '2020-07-09 04:38:48', 1, 1, NULL),
	(161, 'hms:hotel:getHotelSetupDetail', 1, NULL, '2020-07-09 04:38:48', 1, 1, NULL),
	(162, 'hms:account:updateProviderContact', 1, NULL, '2020-07-09 04:38:48', 1, 1, NULL),
	(163, 'hms:hotel:getSellingHotelMarkup', 1, NULL, '2020-07-09 04:38:48', 1, 1, NULL),
	(164, 'hms:hotel:childrenPolicy:setHotelChildrenPolicy', 1, NULL, '2020-07-09 04:38:48', 1, 1, NULL),
	(165, 'hms:hotel:room:checkRoomPrice', 1, NULL, '2020-07-09 04:38:48', 1, 1, NULL),
	(166, 'hms:hotel:booking', 1, NULL, '2020-07-09 04:38:48', 1, 1, NULL),
	(167, 'hms:hotel:room:getRoomPrice', 1, NULL, '2020-07-09 04:38:48', 1, 1, NULL),
	(168, 'hms:hotel:roundNetPriceFromPrice', 1, NULL, '2020-07-09 04:38:48', 1, 1, NULL),
	(169, 'hms:hotel:getAllHotelCancellationTypes', 1, NULL, '2020-07-09 04:38:48', 1, 1, NULL),
	(170, 'hms:hotel:getCancellationPolicy', 1, NULL, '2020-07-09 04:38:48', 1, 1, NULL),
	(171, 'hms:hotel:updateCancellationPolicy', 1, NULL, '2020-07-09 04:38:48', 1, 1, NULL),
	(172, 'hms:system:healthCheck', 1, NULL, '2020-07-09 04:38:48', 1, 1, NULL),
	(173, 'hms:hotels:promotions:create', 1, NULL, '2020-07-09 04:38:48', 1, 1, NULL),
	(174, 'hms:hotels:promotions:preview', 1, NULL, '2020-07-09 04:38:48', 1, 1, NULL),
	(175, 'hms:hotels:promotions:update', 1, NULL, '2020-07-09 04:38:48', 1, 1, NULL),
	(176, 'hms:hotels:promotions:activities', 1, NULL, '2020-07-09 04:38:48', 1, 1, NULL),
	(177, 'hms:hotels:promotions:search', 1, NULL, '2020-07-09 04:38:48', 1, 1, NULL),
	(178, 'hms:hotel:promotion:create:king', 1, NULL, '2020-07-09 04:38:48', 1, 1, NULL),
	(179, 'auth:service:create', 2, NULL, '2020-07-03 04:16:22', 0, 1, NULL),
	(180, 'auth:service:update', 2, NULL, '2020-07-03 04:16:22', 0, 1, NULL),
	(181, 'auth:service:delete', 2, NULL, '2020-07-03 04:16:22', 0, 1, NULL),
	(182, 'auth:service:search', 2, NULL, '2020-07-03 04:16:22', 0, 1, NULL),
	(183, 'auth:checkAllowApi', 2, NULL, '2020-06-16 06:50:23', 1, 1, NULL),
	(184, 'demo:zone:create', 1, NULL, '2020-07-20 08:51:17', 0, 1, 'this is create description'),
	(185, 'auth:api:getDetail', 2, NULL, '2020-07-03 07:50:22', 1, 1, NULL),
	(186, 'tripione:corporatePortal:approvalPolicy:delete', 5, NULL, '2020-09-16 03:28:12', 1, 1, NULL),
	(187, 'tripione:corporatePortal:approvalPolicy:bypass:filter', 5, NULL, '2020-09-16 03:40:27', 1, 1, NULL),
	(188, 'tripione:corporatePortal:approvalPolicy:bypass:update', 5, NULL, '2020-09-16 03:40:46', 1, 1, NULL),
	(189, 'tripione:corporatePortal:approvalPolicy:bypass:delete', 5, NULL, '2020-09-16 03:40:58', 1, 1, NULL),
	(190, 'auth:account:view:king', 2, NULL, '2020-07-22 08:49:21', 1, 1, NULL),
	(191, 'auth:account:edit:king', 2, NULL, '2020-07-22 08:49:21', 1, 1, NULL),
	(192, 'auth:role:view:king', 2, NULL, '2020-06-22 10:25:51', 1, 1, NULL),
	(193, 'auth:role:view', 2, NULL, '2020-06-22 10:25:51', 1, 1, NULL),
	(194, 'auth:role:updateStatus', 2, NULL, '2020-06-16 06:48:56', 1, 1, NULL),
	(195, 'auth:role:getDetail', 2, NULL, '2020-06-16 06:48:56', 1, 1, NULL),
	(196, 'auth:access:searchAccess', 2, NULL, '2020-07-23 10:34:09', 1, 1, NULL),
	(197, 'tripione:portal:default:registration', 5, NULL, '2020-07-27 04:31:56', 1, 1, NULL),
	(198, 'auth:service:assignDefaultRoleService', 2, NULL, '2020-07-03 06:33:16', 1, 1, NULL),
	(199, 'auth:service:revokeDefaultRoleService', 2, NULL, '2020-07-03 06:33:16', 1, 1, NULL),
	(200, 'tripione:portal:default:emailVerification', 5, NULL, '2020-06-30 02:15:47', 1, 1, NULL),
	(201, 'tripione:portal:getAccountBrief', 5, NULL, '2020-06-30 02:15:47', 1, 1, NULL),
	(202, 'tripione:portal:default:ping', 5, NULL, '2020-06-30 02:15:47', 1, 1, NULL),
	(203, 'tripione:flight:search', 5, NULL, '2020-06-30 02:15:47', 1, 1, NULL),
	(204, 'tripione:flight:ticketDetail', 5, NULL, '2020-09-30 10:18:08', 1, 1, NULL),
	(205, 'tripione:flight:insurancePackage', 5, NULL, '2020-09-18 03:30:02', 1, 1, NULL),
	(206, 'tripione:flight:createOrder', 5, NULL, '2020-07-28 03:17:06', 1, 1, NULL),
	(207, 'tripione:book:payment', 5, NULL, '2020-07-28 03:15:25', 1, 1, NULL),
	(208, 'tripione:flight:searchRoundTrip', 5, NULL, '2020-06-30 02:15:47', 1, 1, NULL),
	(209, 'recommendation:default', 9, NULL, '2020-07-28 09:14:16', 1, 1, NULL),
	(210, 'tripione:portal:default:apiDocs', 5, NULL, '2020-06-30 02:15:47', 1, 1, NULL),
	(225, 'tripione:trip:create', 5, NULL, '2020-08-03 08:30:33', 2, 1, NULL),
	(226, 'ams:gateway:origin:create:king', 2, NULL, '2020-08-03 09:43:05', 1, 1, NULL),
	(227, 'ams:gateway:origin:view:king', 2, NULL, '2020-08-04 01:25:39', 1, 1, NULL),
	(228, 'ams:gateway:origin:delete:king', 2, NULL, '2020-08-04 01:25:39', 1, 1, NULL),
	(229, 'ams:gateway:origin:edit:king', 2, NULL, '2020-08-04 01:25:39', 1, 1, NULL),
	(230, 'ams:gateway:quota:create:king', 2, NULL, '2020-08-04 01:25:39', 1, 1, NULL),
	(231, 'ams:gateway:quota:delete:king', 2, NULL, '2020-08-04 01:25:39', 1, 1, NULL),
	(232, 'ams:gateway:quota:view:king', 2, NULL, '2020-08-04 01:25:39', 1, 1, NULL),
	(233, 'ams:gateway:quota:edit:king', 2, NULL, '2020-08-04 01:25:39', 1, 1, NULL),
	(234, 'ams:gateway:host:edit:king', 2, NULL, '2020-08-04 01:25:39', 1, 1, NULL),
	(235, 'ams:gateway:host:view:king', 2, NULL, '2020-08-04 01:25:39', 1, 1, NULL),
	(236, 'ams:gateway:host:delete:king', 2, NULL, '2020-08-04 01:25:39', 1, 1, NULL),
	(237, 'ams:gateway:host:create:king', 2, NULL, '2020-08-04 01:25:39', 1, 1, NULL),
	(238, 'tripione:portal:default:apiDocsUI', 5, NULL, '2020-08-05 04:14:26', 1, 1, NULL),
	(239, 'ams:gateway:partner:create:king', 2, NULL, '2020-08-04 01:25:39', 1, 1, NULL),
	(240, 'ams:gateway:partner:delete:king', 2, NULL, '2020-08-04 01:25:39', 1, 1, NULL),
	(241, 'ams:gateway:partner:view:king', 2, NULL, '2020-08-04 01:25:39', 1, 1, NULL),
	(242, 'ams:gateway:partner:edit:king', 2, NULL, '2020-08-04 01:25:39', 1, 1, NULL),
	(243, 'ams:gateway:predicate:create:king', 2, NULL, '2020-08-04 01:25:39', 1, 1, NULL),
	(244, 'ams:gateway:predicate:delete:king', 2, NULL, '2020-08-04 01:25:39', 1, 1, NULL),
	(245, 'ams:gateway:predicate:view:king', 2, NULL, '2020-08-04 01:25:39', 1, 1, NULL),
	(246, 'ams:gateway:predicate:edit:king', 2, NULL, '2020-08-04 01:25:39', 1, 1, NULL),
	(247, 'ams:swagger:ui', 2, NULL, '2020-08-10 06:31:59', 1, 1, NULL),
	(248, 'tripione:portal:default:forgotPassword', 5, NULL, '2020-08-05 04:14:26', 1, 1, NULL),
	(249, 'tripione:portal:default:resetPassword', 5, NULL, '2020-08-05 04:14:26', 1, 1, NULL),
	(250, 'tripione:admin:companyApprovals:filter', 5, NULL, '2020-08-17 04:28:44', 1, 1, NULL),
	(251, 'auth:role:getSelfUserRoles', 2, NULL, '2020-06-16 06:48:56', 1, 1, NULL),
	(252, 'tripione:portal:default:changePassword', 5, NULL, '2020-08-05 04:14:26', 1, 1, NULL),
	(253, 'tripione:admin:companyApprovals:accept', 5, NULL, '2020-09-10 01:59:03', 1, 1, NULL),
	(254, 'tripione:notification:unread', 5, NULL, '2020-08-11 09:10:49', 1, 1, NULL),
	(255, 'tripione:notification:status:edit', 5, NULL, '2020-08-11 09:51:27', 1, 1, NULL),
	(256, 'tripione:notification:filter', 5, NULL, '2020-08-11 09:51:27', 1, 1, NULL),
	(257, 'tripione:admin:corporate:create', 5, NULL, '2020-09-16 03:55:15', 1, 1, NULL),
	(258, 'tripione:admin:companyApprovals:histories', 5, NULL, '2020-08-17 04:28:44', 1, 1, NULL),
	(259, 'tripione:portal:default:uploadImage', 5, NULL, '2020-08-05 04:14:26', 1, 1, NULL),
	(260, 'old:backend:activity:getPopularDestinations', 13, NULL, '2020-08-13 03:25:53', 1, 1, ''),
	(261, 'ams:zone:assignAnonymous', 2, NULL, '2020-06-16 06:48:15', 1, 1, NULL),
	(262, 'ams:zone:revokeAnonymous', 2, NULL, '2020-06-16 06:48:15', 1, 1, NULL),
	(263, 'ams:account:edit:zone', 2, NULL, '2020-08-14 08:20:22', 1, 1, NULL),
	(264, 'ams:account:revokeRoleInZone', 2, NULL, '2020-07-22 08:49:21', 1, 1, NULL),
	(265, 'auth:swagger:ui', 2, NULL, '2020-08-18 02:17:51', 1, 1, NULL),
	(266, 'tripione:hotel:default:search', 5, NULL, '2020-08-18 09:41:48', 1, 1, NULL),
	(267, 'tripione:hotel:default:price', 5, NULL, '2020-08-18 10:40:04', 1, 1, NULL),
	(268, 'tripione:hotel:default:review', 5, NULL, '2020-08-18 10:40:04', 1, 1, NULL),
	(269, 'tripione:hotel:default:detail', 5, NULL, '2020-08-18 10:40:04', 1, 1, NULL),
	(270, 'message:example', 14, NULL, '2020-06-16 06:48:15', 1, 1, NULL),
	(271, 'tripione:hotel:default:book', 5, NULL, '2020-08-19 06:19:48', 1, 1, NULL),
	(272, 'auth:permission:getDetail', 2, NULL, '2020-07-03 09:24:20', 1, 1, NULL),
	(273, 'tripione:trip:book', 5, NULL, '2020-09-18 10:33:16', 1, 1, NULL),
	(274, 'tripione:corporatePortal:user:upload', 5, NULL, '2020-09-16 02:52:15', 1, 1, NULL),
	(275, 'tripione:trip:filter', 5, NULL, '2020-09-18 10:33:22', 1, 1, NULL),
	(276, 'tripione:admin:corporate:filter', 5, NULL, '2020-06-30 02:15:47', 1, 1, NULL),
	(277, 'tripione:admin:corporate:update', 5, NULL, '2020-06-30 02:15:47', 1, 1, NULL),
	(278, 'tripione:admin:corporate:active', 5, NULL, '2020-06-30 02:15:47', 1, 1, NULL),
	(279, 'tripione:admin:corporate:inactive', 5, NULL, '2020-06-30 02:15:47', 1, 1, NULL),
	(280, 'tripione:admin:corporate:changeLicenseAccount', 5, NULL, '2020-06-30 02:15:47', 1, 1, NULL),
	(281, 'msgs:email:sendEmail', 14, NULL, '2020-06-16 06:48:15', 1, 1, NULL),
	(282, 'auth:service:get-keys', 2, NULL, '2020-06-16 06:48:15', 1, 1, ''),
	(283, 'auth:service:updateRole', 2, NULL, '2020-07-03 04:16:22', 0, 1, NULL),
	(284, 'auth:service:access', 2, NULL, '2020-06-16 06:48:15', 1, 1, ''),
	(285, 'tripione:corporatePortal:user:saveUsers', 5, NULL, '2020-09-16 02:52:26', 1, 1, NULL),
	(286, 'tripione:corporatePortal:user:processingUsers', 5, NULL, '2020-09-16 02:52:35', 1, 1, NULL),
	(287, 'auth:service:get-tokens', 2, NULL, '2020-06-16 06:49:20', 1, 1, ''),
	(288, 'auth:token:generate', 2, NULL, '2020-06-16 06:49:39', 1, 1, ''),
	(289, 'msgs:email:sendSms', 14, NULL, '2020-06-16 06:48:15', 1, 1, NULL),
	(290, 'msgs:fcm:test', 14, NULL, '2020-06-16 06:48:15', 1, 1, NULL),
	(291, 'tripione:portal:updateAccountBrief', 5, NULL, '2020-06-30 02:15:47', 1, 1, NULL),
	(292, 'tripione:trip:detail', 5, NULL, '2020-09-18 10:33:28', 1, 1, NULL),
	(293, 'permissiontest1234', 2, NULL, '2020-08-27 03:28:30', 3, -1, NULL),
	(294, 'auth:zone:generateSecretKey', 2, NULL, '2020-07-03 05:01:42', 1, 1, NULL),
	(295, 'permissiontest123456', 1, NULL, '2020-08-27 04:58:30', 0, 1, NULL),
	(296, 'permissiontest1234567', 1, NULL, '2020-08-27 04:58:43', 0, 1, NULL),
	(297, 'test test test etsefsdcxc', 5, NULL, '2020-08-28 03:11:07', 1, -1, NULL),
	(298, 'blackeyes:api:hotels', 16, NULL, '2020-06-16 06:48:15', 25, 1, 'string'),
	(299, 'blackeyes:api:similars', 16, NULL, '2020-06-16 06:48:15', 25, 1, 'string'),
	(300, 'blackeyes:api:compare_prices', 16, NULL, '2020-06-16 06:48:15', 25, 1, 'string'),
	(301, 'blackeyes:api:prices', 16, NULL, '2020-06-16 06:48:15', 25, 1, 'string'),
	(302, 'blackeyes:api:ondemand_prices', 16, NULL, '2020-06-16 06:48:15', 25, 1, 'string'),
	(303, 'blackeyes:api:mapping', 16, NULL, '2020-06-16 06:48:15', 25, 1, 'string'),
	(304, 'blackeyes:api:tracking', 16, NULL, '2020-06-16 06:48:15', 25, 1, 'string'),
	(305, 'blackeyes:api:health:check', 16, NULL, '2020-06-16 06:48:15', 25, 1, 'string'),
	(306, 'test test123213123', 2, NULL, '2020-08-28 03:51:16', 1, -1, NULL),
	(307, 'test testzcxzcxzcxzc', 2, NULL, '2020-08-28 05:42:01', 1, -1, 'zxcxzcsaccsaca'),
	(308, 'test testsadasdas', 5, NULL, '2020-08-28 05:44:43', 2, -1, 'sacxzcxzcz'),
	(309, 'msgs:sms:editConfig', 14, NULL, '2020-08-28 07:07:14', 1, 1, NULL),
	(310, 'hoangvutestasdasdsadaszxc123', 2, NULL, '2020-08-28 07:21:12', 3, -1, 'hoangvutestasdasdsadas'),
	(311, 'test ams ', 6, NULL, '2020-08-28 08:02:28', 3, 1, 'test ams web abc'),
	(312, 'msgs:sms:createConfig', 14, NULL, '2020-08-28 07:07:14', 1, 1, NULL),
	(313, 'msgs:sms:deleteConfig', 14, NULL, '2020-08-28 07:07:14', 1, 1, NULL),
	(314, 'msgs:sms:getConfig', 14, NULL, '2020-08-28 07:07:14', 1, 1, NULL),
	(315, 'msgs:email:getConfig', 14, NULL, '2020-08-28 07:07:14', 1, 1, NULL),
	(316, 'msgs:email:createConfig', 14, NULL, '2020-08-28 07:07:14', 1, 1, NULL),
	(317, 'msgs:email:editConfig', 14, NULL, '2020-08-28 07:07:14', 1, 1, NULL),
	(318, 'msgs:email:deleteConfig', 14, NULL, '2020-08-28 07:07:14', 1, 1, NULL),
	(319, 'msgs:group:create', 14, NULL, '2020-09-21 18:11:20', 1, 1, NULL),
	(320, 'msgs:sender:edit', 14, NULL, '2020-08-28 07:07:14', 1, 1, NULL),
	(321, 'msgs:sender:create', 14, NULL, '2020-08-28 07:07:14', 1, 1, NULL),
	(322, 'msgs:sender:view', 14, NULL, '2020-08-28 07:07:14', 1, 1, NULL),
	(323, 'msgs:sender:delete', 14, NULL, '2020-08-28 07:07:14', 1, 1, NULL),
	(324, 'msgs:notify:sendGroup', 14, NULL, '2020-09-21 18:13:50', 1, 1, NULL),
	(325, 'auth:role:getRoleInZone', 2, NULL, '2020-06-16 06:48:36', 1, 1, NULL),
	(326, 'msgs:group:search', 14, NULL, '2020-09-21 18:11:21', 1, 1, NULL),
	(327, 'tripione:admin:corporate:get', 5, NULL, '2020-08-11 00:00:00', 1, 1, NULL),
	(328, 'tripione:admin:corporate:users:filter', 5, NULL, '2020-09-03 02:51:59', 1, 1, NULL),
	(329, 'msgs:group:addMember', 14, NULL, '2020-09-21 18:11:21', 1, 1, NULL),
	(330, 'ams:zone:listAll', 2, NULL, '2020-09-04 02:33:06', 1, 1, NULL),
	(332, 'ams:service:listAll', 2, NULL, '2020-09-04 02:33:06', 1, 1, NULL),
	(333, 'tripione:admin:corporate:logs:filter', 5, NULL, '2020-06-30 02:15:47', 1, 1, NULL),
	(334, 'msgs:group:removeMember', 14, NULL, '2020-09-21 18:11:21', 1, 1, NULL),
	(335, 'msgs:group:deleteGroup', 14, NULL, '2020-09-21 18:11:21', 1, 1, NULL),
	(336, 'testPermission', 23, NULL, '2020-09-07 04:53:42', 3, 0, NULL),
	(337, 'testPer2', 23, NULL, '2020-09-07 04:53:54', 1, -1, NULL),
	(338, 'tripione:portal:firstLogin:changePassword', 5, NULL, '2020-08-05 04:14:26', 1, 1, NULL),
	(339, 'tripione:corporatePortal:payment:paymentMethods:filter', 5, NULL, '2020-09-16 03:46:10', 1, 1, NULL),
	(342, 'tripione:payment:creadit', 5, NULL, '2020-06-30 02:15:47', 1, 1, NULL),
	(343, 'tripione:invoices:filter', 5, NULL, '2020-06-30 02:15:47', 1, 1, NULL),
	(344, 'tripione:invoices:detail', 5, NULL, '2020-06-30 02:15:47', 1, 1, NULL),
	(345, 'msgs:token:register', 14, NULL, '2020-09-21 18:11:22', 1, 1, NULL),
	(346, 'msgs:token:unregister', 14, NULL, '2020-09-21 18:11:22', 1, 1, NULL),
	(347, 'msgs:job:viewProgress', 14, NULL, '2020-09-09 02:31:41', 1, 1, NULL),
	(348, 'msgs:notify:sendApp', 14, NULL, '2020-09-21 18:13:51', 1, 1, NULL),
	(349, 'msgs:monitor:viewMonitor', 14, NULL, '2020-09-09 10:00:49', 1, 1, NULL),
	(350, 'tripione:admin:companyApprovals:reject', 5, NULL, '2020-09-10 01:59:03', 1, 1, NULL),
	(351, 'payment:getPaymentMethod', 26, NULL, '2020-09-10 01:59:03', 2, -1, NULL),
	(352, 'msgs:group:createApp', 14, NULL, '2020-09-21 18:11:22', 1, 1, NULL),
	(353, 'ams:account:signup:king', 2, NULL, '2020-09-11 03:34:09', 25, 1, 'string'),
	(354, 'hms-pre:system:healthCheck', 25, NULL, '2020-09-15 10:31:04', 1, 1, NULL),
	(355, 'hms:hotel:photos:imageTypes', 25, NULL, '2020-07-09 04:38:47', 1, 1, NULL),
	(356, 'ams:account:verifyToken', 2, NULL, '2020-06-16 06:48:15', 25, 1, 'string'),
	(357, 'tripione:trip:approval:request', 5, NULL, '2020-09-10 07:53:13', 1, 1, NULL),
	(358, 'ams:account:initPassword', 2, NULL, '2020-06-16 06:48:15', 25, 1, 'string'),
	(359, 'msgs:service:register', 14, NULL, '2020-08-31 08:17:47', 1, 1, NULL),
	(360, 'tripione:portal:default:login', 5, NULL, '2020-08-05 04:14:26', 1, 1, NULL),
	(361, 'hms-pre:account:signup', 25, NULL, '2020-07-09 04:38:48', 1, 1, NULL),
	(362, 'ams:account:forgetPassword:king', 2, NULL, '2020-09-11 03:34:29', 1, 1, NULL),
	(363, 'tripione:invoices:create', 5, NULL, '2020-06-30 02:15:47', 1, 1, NULL),
	(364, 'ams:account:view', 2, NULL, '2020-09-11 06:54:23', 1, 1, NULL),
	(365, 'tripione:invoices:cancel', 5, NULL, '2020-06-30 02:15:47', 1, 1, NULL),
	(366, 'hms-pre:account:getListDetails', 25, NULL, '2020-09-11 11:18:00', 1, 1, NULL),
	(367, 'tripione:payments:bookings:get', 5, NULL, '2020-06-30 02:15:47', 1, 1, NULL),
	(368, 'hms-pre:account:forgetPassword', 25, NULL, '2020-09-11 11:18:00', 1, 1, NULL),
	(369, 'ams:account:resendSignUpToken', 2, NULL, '2020-09-11 03:34:29', 1, 1, NULL),
	(370, 'tripione:payments:bookings:confirm', 5, NULL, '2020-06-30 02:15:47', 1, 1, NULL),
	(371, 'hms-pre:account:view', 25, NULL, '2020-09-15 02:03:21', 1, 1, NULL),
	(372, 'hms-pre:account:edit', 25, NULL, '2020-09-15 02:25:44', 1, 1, NULL),
	(373, 'hms-pre:account:view:king', 25, NULL, '2020-09-15 02:03:21', 1, 1, NULL),
	(375, 'hms-pre:account:edit:king', 25, NULL, '2020-09-15 02:25:44', 1, 1, NULL),
	(376, 'hms-pre:users:providers-permissions:get', 25, NULL, '2020-09-15 02:25:44', 1, 1, NULL),
	(377, 'tripione:trip:approval:approve', 5, NULL, '2020-09-15 04:36:21', 1, 1, NULL),
	(378, 'tripione:trip:approval:reject', 5, NULL, '2020-09-15 04:36:21', 1, 1, NULL),
	(379, 'hms-pre:account:setPassword', 25, NULL, '2020-09-15 05:46:06', 1, 1, NULL),
	(380, 'hms-pre:account:sub-account:create', 25, NULL, '2020-09-15 07:18:23', 1, 1, NULL),
	(381, 'hms-pre:group-operators:init-group', 25, NULL, '2020-09-15 10:31:04', 5, -1, NULL),
	(382, 'hms-pre:account:sub-account:view', 25, NULL, '2020-09-15 07:18:41', 1, 1, NULL),
	(383, 'payment:createPayment', 26, NULL, '2020-09-15 08:44:44', 1, -1, NULL),
	(384, 'hms-pre:group-operator:create-group-admin', 25, NULL, '2020-09-15 10:31:04', 6, -1, NULL),
	(385, 'tripione:corporatePortal:department:update', 5, NULL, '2020-09-16 02:29:37', 1, 1, NULL),
	(386, 'tripione:corporatePortal:jobTitle:update', 5, NULL, '2020-09-16 02:38:16', 1, 1, NULL),
	(387, 'tripione:corporatePortal:user:update', 5, NULL, '2020-09-16 02:48:03', 1, 1, NULL),
	(388, 'ams:account:viewSelfPermisison', 2, NULL, '2020-08-14 08:20:22', 1, 1, NULL),
	(389, 'tripione:corporatePortal:group:budgetPolicy:filter', 5, NULL, '2020-09-16 03:11:59', 1, 1, NULL),
	(390, 'tripione:corporatePortal:group:budgetPolicy:create', 5, NULL, '2020-09-16 03:11:27', 1, 1, NULL),
	(391, 'tripione:corporatePortal:individual:budgetPolicy:update', 5, NULL, '2020-09-16 03:11:27', 1, 1, NULL),
	(392, 'tripione:corporatePortal:group:budgetPolicy:update', 5, NULL, '2020-09-16 03:11:27', 1, 1, NULL),
	(393, 'tripione:corporatePortal:group:budgetPolicy:delete', 5, NULL, '2020-09-16 03:23:14', 1, 1, NULL),
	(394, 'tripione:corporatePortal:approvalPolicy:update', 5, NULL, '2020-09-16 03:27:59', 1, 1, NULL),
	(395, 'tripione:corporatePortal:payment:paymentMethods:update', 5, NULL, '2020-09-16 03:46:10', 1, 1, NULL),
	(396, 'tripione:corporatePortal:roles:view', 5, NULL, '2020-09-16 03:27:59', 1, 1, NULL),
	(397, 'tripione:trip:approval:cancel', 5, NULL, '2020-09-16 08:15:55', 1, 1, NULL),
	(398, 'tripione:trip:cancellation', 5, NULL, '2020-09-16 08:15:55', 1, 1, NULL),
	(399, 'hms-pre:account:resendSignup', 25, NULL, '2020-09-15 07:18:41', 1, 1, NULL),
	(400, 'ams:account:changePassword', 2, NULL, '2020-09-11 06:54:23', 1, 1, NULL),
	(401, 'msgs:notify:sendGroupAsync', 14, NULL, '2020-09-21 18:13:51', 1, 1, NULL),
	(402, 'msgs:notify:sendAppAsync', 14, NULL, '2020-09-21 18:13:51', 1, 1, NULL),
	(403, 'msgs:group:addMemberAsync', 14, NULL, '2020-09-21 18:11:23', 1, 1, NULL),
	(404, 'msgs:group:removeMemberAsync', 14, NULL, '2020-09-21 18:11:23', 1, 1, NULL),
	(405, 'msgs:notify:sendUserAsync', 14, NULL, '2020-09-21 18:13:51', 1, 1, NULL),
	(406, 'hms-pre:group-operator:view:king', 25, NULL, '2020-09-15 10:31:04', 4, -1, 'searchAllGroupByAdmin'),
	(407, 'tripione:trip:flight:generalInfo', 5, NULL, '2020-09-16 08:15:55', 1, 1, NULL),
	(408, 'tripione:trip:flight:locationInformation', 5, NULL, '2020-09-16 08:15:55', 1, 1, NULL),
	(409, 'tripione:trip:flight:generalInformation', 5, NULL, '2020-09-16 08:15:55', 1, 1, NULL),
	(410, 'tripione:flight:insurance:validate', 5, NULL, '2020-09-16 08:15:55', 1, 1, NULL),
	(411, 'tripione:flight:countries', 5, NULL, '2020-09-16 08:15:55', 1, 1, NULL),
	(412, 'tripione:flight:topDestinations', 5, NULL, '2020-09-16 08:15:55', 1, 1, NULL),
	(413, 'hms-pre:group-operators:detail-group', 25, NULL, '2020-09-18 07:10:48', 1, -1, NULL),
	(414, 'ams:account:create:king', 2, NULL, '2020-07-22 08:49:21', 1, 1, NULL),
	(415, 'hms-pre:account:anonymous', 25, NULL, '2020-09-21 08:21:21', 1, 1, NULL),
	(416, 'hms-pre:account:invite', 25, NULL, '2020-09-21 08:21:21', 1, 1, NULL),
	(417, 'hms-pre:group-operators:hotel-admin:all-group', 25, NULL, '2020-09-21 09:12:25', 1, -1, NULL),
	(418, 'tripione:trip:admin:report:filter', 5, NULL, '2020-09-16 08:15:55', 1, 1, NULL),
	(419, 'msgs:notify:sendToUser', 14, NULL, '2020-09-21 18:13:00', 1, 1, NULL),
	(420, 'msgs:token:king', 14, NULL, '2020-09-21 18:11:22', 1, 1, NULL),
	(421, 'tripione:trip:pay', 5, NULL, '2020-09-22 03:44:01', 0, 1, 'Permission to pay trip'),
	(422, 'hms-pre:group-operator:update', 25, NULL, '2020-09-22 04:07:17', 2, -1, NULL),
	(423, 'hms-pre:group-operators:hotel-admin:init-group', 25, NULL, '2020-09-22 04:17:01', 1, -1, NULL),
	(424, 'ams:service:getDetail', 2, NULL, '2020-09-22 07:30:53', 0, 1, ''),
	(425, 'ams:service:assignRole', 2, NULL, '2020-09-22 07:31:07', 0, 1, NULL),
	(426, 'ams:service:revokeRole', 2, NULL, '2020-09-22 07:32:09', 0, 1, NULL),
	(427, 'tripione:trip:admin:report:download', 5, NULL, '2020-09-16 08:15:55', 1, 1, NULL),
	(428, 'tripione:trip:hotel:topHotelLocation', 5, NULL, '2020-09-22 03:44:01', 0, 1, 'Permission to pay trip'),
	(429, 'tripione:trip:hotel:autocomplete', 5, NULL, '2020-09-22 03:44:01', 0, 1, 'Permission to pay trip'),
	(430, 'tripione:trip:hotel:relatedHotel', 5, NULL, '2020-09-22 03:44:01', 0, 1, 'Permission to pay trip'),
	(431, 'tripione:trip:hotel:favorite', 5, NULL, '2020-09-22 03:44:01', 0, 1, 'Permission to pay trip'),
	(432, 'tripione:trip:hotel:favorite:remove', 5, NULL, '2020-09-23 09:26:24', 0, 1, 'Permission to pay trip'),
	(433, 'tripione:trip:hotel:favorite:add', 5, NULL, '2020-09-23 09:26:24', 0, 1, 'Permission to pay trip'),
	(434, 'hms-pre:group-operators:delete-group', 25, NULL, '2020-09-23 12:04:02', 1, -1, NULL),
	(435, 'hms-pre:static:info:view', 25, NULL, '2020-10-02 12:13:40', 1, 1, NULL),
	(436, 'payment:healthCheck', 26, NULL, '2020-09-24 07:29:25', 1, -1, NULL),
	(437, 'tripione:corporatePortal:budgetPolicy:generals', 5, NULL, '2020-09-24 08:18:11', 0, 1, 'Lấy các giá trị cài đặt cho hãng hàng không, hạng vé'),
	(438, 'hoangvutest', 2, NULL, '2020-09-24 10:07:25', 0, 1, 'hoangvutest'),
	(439, 'hms-pre:hotels:search', 25, NULL, '2020-09-24 14:24:50', 0, 1, NULL),
	(440, 'hms-pre:room:setting:edit', 25, NULL, '2020-09-29 09:52:34', 1, 1, NULL),
	(441, 'auth:getUserRole', 2, NULL, '2020-09-25 03:17:32', 0, 1, NULL),
	(442, 'auth:checkRoleAccessApi', 2, NULL, '2020-09-25 03:17:47', 0, 1, NULL),
	(443, 'hms-pre:users:search', 25, NULL, '2020-09-25 03:51:32', 0, 1, NULL),
	(444, 'payment:bookingsNotify', 26, NULL, '2020-09-25 07:27:03', 0, 1, NULL),
	(445, 'tripione:trip:removeBooking', 5, NULL, '2020-09-25 07:40:14', 0, 1, NULL),
	(446, 'payment:checkStatus', 26, NULL, '2020-09-25 14:34:59', 0, 1, NULL),
	(447, 'hms-pre:hotel:chain:view', 25, NULL, '2020-09-24 14:24:50', 0, 1, NULL),
	(448, 'hms-pre:hotel:chain:create', 25, NULL, '2020-09-24 14:24:50', 0, 1, NULL),
	(449, 'hms-pre:hotel:chain:edit', 25, NULL, '2020-09-24 14:24:50', 0, 1, NULL),
	(450, 'hms-pre:hotel:chain:delete', 25, NULL, '2020-09-24 14:24:50', 0, 1, NULL),
	(451, 'hms-pre:hotels:approve', 25, NULL, '2020-09-24 14:24:50', 0, 1, NULL),
	(452, 'hms-pre:group-operators:assign-user', 25, NULL, '2020-09-28 05:17:09', 2, -1, NULL),
	(453, 'hms-pre:hotel:detail:edit', 25, NULL, '2020-09-24 14:24:50', 0, 1, NULL),
	(454, 'hms-pre:hotel:basic-info:view', 25, NULL, '2020-09-29 04:31:53', 0, 1, NULL),
	(455, 'hms-pre:account:invite:king', 25, NULL, '2020-09-15 02:03:21', 1, 1, NULL),
	(456, 'hms-pre:room:edit:king', 25, NULL, '2020-09-15 02:03:21', 1, 1, NULL),
	(457, 'hms-pre:hotel:edit:king', 25, NULL, '2020-09-15 02:03:21', 1, 1, NULL),
	(458, 'hms-pre:hotel:detail:view', 25, NULL, '2020-09-24 14:24:50', 0, 1, NULL),
	(460, 'hms-pre:hotels:registration:general-info', 25, NULL, '2020-09-29 09:23:31', 0, 1, NULL),
	(461, 'recommendation:healthCheck', 9, NULL, '2020-09-29 09:44:46', 0, 1, NULL),
	(462, 'msgs:notify:sendList', 14, NULL, '2020-09-29 10:09:03', 1, 1, NULL),
	(463, 'datanh1234567', 1, NULL, '2020-09-30 02:50:27', 2, 1, NULL),
	(464, 'hms-pre:room:create:king', 25, NULL, '2020-09-30 03:41:47', 0, 1, 'create room king in any hotel'),
	(465, 'hms-pre:room:create', 25, NULL, '2020-09-30 03:43:29', 0, 1, 'create room in hotel'),
	(466, 'hms-pre:ratePackage:create', 25, NULL, '2020-09-30 09:55:52', 2, 1, NULL),
	(467, 'hms-pre:ratePackage:update', 25, NULL, '2020-09-30 09:56:09', 0, 1, NULL),
	(468, 'hms-pre:ratePackage:delete', 25, NULL, '2020-09-30 09:56:19', 0, 1, NULL),
	(469, 'hms-pre:ratePackage:getAll', 25, NULL, '2020-09-30 09:56:29', 0, 1, NULL),
	(470, 'hms-pre:room:delete', 25, NULL, '2020-09-30 10:25:11', 0, 1, NULL),
	(471, 'hms-pre:room:delete:king', 25, NULL, '2020-09-30 10:26:35', 0, 1, NULL),
	(472, 'hms-pre:ratePackage:getAllRateType', 25, NULL, '2020-10-01 01:50:09', 0, 1, NULL),
	(473, 'hms-pre:ratePackage:getAllChannel', 25, NULL, '2020-10-01 01:54:40', 0, 1, NULL),
	(474, 'hms-pre:room:view', 25, NULL, '2020-10-01 03:04:14', 0, 1, NULL),
	(475, 'hms-pre:swagger', 25, NULL, '2020-10-01 03:04:42', 0, 1, NULL),
	(476, 'hms-pre:room:view:king', 25, NULL, '2020-10-01 03:05:11', 0, 1, NULL),
	(477, 'hms-pre:ratePackage:assignToHotels', 25, NULL, '2020-10-01 06:36:49', 0, 1, NULL),
	(478, 'hms-pre:ratePackage:getHotelPackageRate', 25, NULL, '2020-10-01 06:37:41', 0, 1, NULL),
	(479, 'hms-pre:ratePackage:removeFromHotels', 25, NULL, '2020-10-01 06:38:21', 0, 1, NULL),
	(480, 'hms-pre:ratePackage:auditLogs', 25, NULL, '2020-10-01 06:38:41', 0, 1, NULL),
	(481, 'hms-pre:hotels:categories', 25, NULL, '2020-10-01 09:55:08', 0, 1, NULL),
	(482, 'hms-pre:hotel:view:king', 25, NULL, '2020-10-02 02:06:07', 1, 1, NULL),
	(483, 'hms-pre:hotel:view', 25, NULL, '2020-10-02 02:07:10', 0, 1, NULL),
	(484, 'hms-pre:hotel:edit', 25, NULL, '2020-10-02 02:09:57', 0, 1, NULL),
	(485, 'datanh421312', 1, NULL, '2020-10-02 08:27:12', 0, 1, 'asdadasdasda'),
	(486, 'tripione:user:country', 5, NULL, '2020-09-25 07:40:14', 0, 1, NULL),
	(487, 'hms-pre:hotels:amenities:view', 25, NULL, '2020-10-05 03:10:02', 1, 1, NULL),
	(488, 'tripione:flight:search:airport', 5, NULL, '2020-09-25 07:40:14', 0, 1, NULL),
	(489, 'tripione:hotel:suggest', 5, NULL, '2020-09-25 07:40:14', 0, 1, NULL),
	(490, 'hms-pre:hotel:payment:info:edit', 25, NULL, '2020-10-05 09:40:55', 0, 1, NULL),
	(491, 'hms-pre:hotel:payment:info:view', 25, NULL, '2020-10-05 09:42:55', 0, 1, NULL),
	(492, 'tripione:flight:search:hotTicket', 5, NULL, '2020-09-25 07:40:14', 0, 1, NULL),
	(493, 'hms-pre:hotel:gallery:view', 25, NULL, '2020-10-05 09:47:47', 0, 1, NULL),
	(494, 'hms-pre:hotel:gallery:edit', 25, NULL, '2020-10-05 09:48:13', 0, 1, NULL),
	(495, 'hms-pre:hotel:gallery:update', 25, NULL, '2020-10-05 09:48:30', 1, -1, NULL),
	(496, 'hms-pre:hotel:policy:create-edit', 25, NULL, '2020-10-06 09:33:57', 0, 1, NULL),
	(497, 'hms-pre:hotels:registration:register', 25, NULL, '2020-10-06 11:07:51', 0, 1, NULL),
	(498, 'hms-pre:hotel:policy:view', 25, NULL, '2020-10-06 13:04:12', 0, 1, NULL),
	(499, 'tripione:company:setting:quickSetup', 5, NULL, '2020-10-07 05:35:58', 0, 1, NULL),
	(500, 'hms-pre:country:get', 25, NULL, '2020-07-09 04:38:47', 1, 1, NULL),
	(501, 'hms-pre:hotel:general-album:view', 25, NULL, '2020-10-05 09:47:47', 0, 1, NULL),
	(502, 'hms-pre:hotel:general-album:edit', 25, NULL, '2020-10-05 09:47:47', 0, 1, NULL),
	(503, 'sample:upgradeWebsocket', 4, NULL, '2020-10-12 02:40:55', 0, 1, NULL),
	(504, 'hms-pre:hotels:amenities:detail', 25, NULL, '2020-10-12 03:28:34', 0, 1, NULL),
	(505, 'tripione:company:setting:individual:policy', 5, NULL, '2020-09-25 07:40:14', 0, 1, NULL),
	(506, 'hms-pre:ratePackage:view', 25, NULL, '2020-10-12 09:04:19', 1, 1, NULL),
	(507, 'msgs:notify:addMemberAsync', 14, NULL, '2020-10-13 01:49:06', 1, 1, NULL),
	(508, 'msgs:notify:app:updateApp', 14, NULL, '2020-10-13 01:57:13', 1, 1, NULL),
	(509, 'msgs:notify:app:deleteApp', 14, NULL, '2020-10-13 01:57:30', 1, 1, NULL),
	(510, 'msgs:notify:app:listApp', 14, NULL, '2020-10-13 01:57:56', 1, 1, NULL),
	(511, 'msgs:notify:config:create', 14, NULL, '2020-10-13 01:58:37', 1, 1, NULL),
	(512, 'msgs:notify:config:updateConfig', 14, NULL, '2020-10-13 01:59:24', 1, 1, NULL),
	(513, 'msgs:notify:config:deleteConfig', 14, NULL, '2020-10-13 01:59:50', 1, 1, NULL),
	(514, 'msgs:notify:config:listConfig', 14, NULL, '2020-10-13 02:00:49', 1, 1, NULL),
	(515, 'msgs:notify:config:listActiveConfig', 14, NULL, '2020-10-13 02:01:03', 1, 1, NULL),
	(516, 'msgs:notify:config:listAllConfig', 14, NULL, '2020-10-13 02:01:13', 1, 1, NULL),
	(517, 'hms-pre:ratePackage:list', 25, NULL, '2020-10-13 04:51:15', 1, 1, NULL),
	(518, 'hms-pre:rateType:list', 25, NULL, '2020-10-13 06:58:40', 1, 1, NULL),
	(519, 'hms-pre:hotel:nearby:add', 25, NULL, '2020-10-13 08:27:37', 0, 1, 'thêm địa điểm xung quanh'),
	(520, 'tripione:transaction:appliedBank', 5, NULL, '2020-10-13 08:52:23', 0, 1, NULL),
	(521, 'tripione:admin:report:flight:filter', 5, NULL, '2020-11-09 03:09:46', 0, 1, NULL),
	(522, 'hms-pre:hotels:ratePackage:updateSingle', 25, NULL, '2020-10-13 10:16:12', 1, 1, NULL),
	(523, 'hms-pre:hotels:ratePackage:delete', 25, NULL, '2020-10-14 02:49:08', 0, 1, NULL),
	(524, 'tripione:transaction:topup', 5, NULL, '2020-10-14 03:27:32', 0, 1, NULL),
	(525, 'tripione:transaction:history', 5, NULL, '2020-10-14 03:29:14', 0, 1, NULL),
	(526, 'hms-pre:hotels:ratePackage:list', 25, NULL, '2020-10-14 05:41:38', 0, 1, NULL),
	(527, 'hms-pre:channels:list', 25, NULL, '2020-10-14 10:07:57', 0, 1, NULL),
	(528, 'tripione:admin:report:hotel:filter', 5, NULL, '2020-11-09 03:10:08', 0, 1, NULL),
	(529, 'msgs:notify:countUnread', 14, NULL, '2020-10-15 04:11:51', 0, 1, NULL),
	(530, 'hms-pre:hotels:ratePackage:assignRate', 25, NULL, '2020-10-15 07:47:29', 1, -1, NULL),
	(531, 'msgs:notify:listNotify', 14, NULL, '2020-10-15 07:48:52', 0, 1, NULL),
	(532, 'msgs:notify:markRead', 14, NULL, '2020-10-15 08:18:04', 0, 1, NULL),
	(533, 'msgs:notify:markAllRead', 14, NULL, '2020-10-15 08:29:06', 1, 1, NULL),
	(534, 'hms-pre:hotels:ratePackage:updateMultiple', 25, NULL, '2020-10-15 12:47:46', 0, 1, NULL),
	(535, 'hms-pre:hotel:approval:view', 25, NULL, '2020-10-16 02:19:17', 0, 1, NULL),
	(536, 'hms-pre:hotel:approval:view:king', 25, NULL, '2020-10-16 02:19:47', 0, 1, NULL),
	(537, 'chat:ws:upgrade', 32, NULL, '2020-10-16 02:20:26', 0, 1, NULL),
	(538, 'tripione:trip:admin:report:flight:download', 5, NULL, '2020-11-09 03:10:43', 1, 1, NULL),
	(539, 'train:category:get', 33, NULL, '2020-10-16 03:58:46', 0, 1, 'Lấy thông tin chung'),
	(540, 'train:search', 33, NULL, '2020-10-16 03:59:44', 0, 1, 'Tìm kiếm chuyến tàu'),
	(541, 'train:carriages:seats:get', 33, NULL, '2020-10-16 04:01:18', 0, 1, 'Lấy sơ đồ ghế của toa tàu'),
	(542, 'train:carriages:seats:lock', 33, NULL, '2020-10-16 04:02:42', 0, 1, 'Khóa giữ chỗ được chọn'),
	(543, 'train:booking:init', 33, NULL, '2020-10-16 04:04:19', 1, 1, 'Khởi tạo đơn hàng'),
	(544, 'train:booking:history', 33, NULL, '2020-10-16 04:06:13', 0, 1, 'Lịch sử đơn hàng'),
	(545, 'train:booking:pay', 33, NULL, '2020-10-16 04:07:15', 0, 1, 'Thanh toán đơn hàng'),
	(546, 'train:paymentMethod:get', 33, NULL, '2020-10-16 04:08:18', 0, 1, 'Lấy thông tin các phương thức thanh toán đơn hàng'),
	(547, 'train:payment:callback', 33, NULL, '2020-10-16 04:10:11', 0, 1, 'Nhận tín hiệu phía cổng thanh toán trả về'),
	(548, 'train:booking:confirmCallback', 33, NULL, '2020-10-16 04:14:00', 0, 1, 'Nhận thông tin xuất vé trả về từ VNPAY'),
	(549, 'train:booking:history:detail', 33, NULL, '2020-10-16 04:15:25', 0, 1, 'Chi tiết đơn hàng'),
	(550, 'train:booking:refund', 33, NULL, '2020-10-16 04:16:49', 0, 1, 'Nhận thông tin hủy vé'),
	(551, 'train:payment:booking:detail', 33, NULL, '2020-10-16 04:18:14', 1, 1, 'Chi tiết đơn hàng với id đã được mã hóa'),
	(552, 'train:booking:resendEmail', 33, NULL, '2020-10-16 04:20:36', 0, 1, 'Gửi lại mặt vé'),
	(553, 'train:booking:remove', 33, NULL, '2020-10-16 04:21:46', 0, 1, 'Xóa đơn hàng khỏi lịch sử'),
	(554, 'chat:user:listOnlineStatus', 32, NULL, '2020-10-16 04:31:23', 0, 1, NULL),
	(555, 'msgs:notify:resetCount', 14, NULL, '2020-10-16 04:49:53', 0, 1, NULL),
	(556, 'train:crm:bookings:search', 33, NULL, '2020-10-16 04:52:34', 0, 1, 'Tìm kiếm đơn hàng'),
	(557, 'train:crm:bookings:status', 33, NULL, '2020-10-16 04:53:54', 0, 1, 'Danh sách các trạng thái đơn hàng'),
	(558, 'train:crm:bookings:paymentStatus', 33, NULL, '2020-10-16 04:56:19', 0, 1, 'Danh sách trạng thái thanh toán'),
	(559, 'msgs:swagger:view', 14, NULL, '2020-10-16 05:56:55', 1, 1, NULL),
	(560, 'train:crm:bookings:assign', 33, NULL, '2020-10-16 06:22:40', 0, 1, 'Nhận xử lý đơn hàng'),
	(561, 'train:crm:bookings:updateHandlingStatus', 33, NULL, '2020-10-16 06:24:03', 0, 1, 'Cập nhật trạng thái xử lý đơn hàng'),
	(562, 'train:crm:reports:detailpayment:export', 33, NULL, '2020-10-16 06:25:30', 0, 1, 'Xuất báo cáo chi tiết thanh toán'),
	(563, 'train:crm:reports:summarypayment:export', 33, NULL, '2020-10-16 06:26:36', 0, 1, 'Xuất báo cáo tổng hợp thanh toán'),
	(564, 'train:crm:resendEmail', 33, NULL, '2020-10-16 06:28:12', 0, 1, 'Gửi lại email trên CRM'),
	(565, 'train:crm:resendSMS', 33, NULL, '2020-10-16 06:29:15', 0, 1, 'Gửi lại SMS trên CRM'),
	(566, 'train:crm:confirmIssueTicket', 33, NULL, '2020-10-16 06:30:45', 1, 1, 'CSKH xác nhận đổi trạng thái đơn hàng sang xuất vé thành công trên CRM'),
	(567, 'train:crm:images:upload', 33, NULL, '2020-10-16 06:31:58', 0, 1, 'Tải ảnh lên'),
	(568, 'train:crm:notes:add', 33, NULL, '2020-10-16 06:32:50', 0, 1, 'Thêm ghi chú'),
	(569, 'train:crm:notes:get', 33, NULL, '2020-10-16 06:33:36', 0, 1, 'Lấy danh sách ghi chú'),
	(570, 'train:crm:airtime:getAmount', 33, NULL, '2020-10-16 06:34:52', 0, 1, 'Truy vấn số dư ví airtime'),
	(571, 'train:crm:bookings:detail', 33, NULL, '2020-10-16 06:36:03', 0, 1, 'Lấy chi tiết đơn hàng trên CRM'),
	(572, 'train:crm:reports:detailpayment:get', 33, NULL, '2020-10-16 06:37:19', 0, 1, 'Lấy thông tin báo cáo thanh toán'),
	(573, 'train:crm:reports:summarypayment:get', 33, NULL, '2020-10-16 06:43:07', 0, 1, 'Lấy thông tin báo cáo tổng hợp thanh toán'),
	(574, 'train:crm:logs:get', 33, NULL, '2020-10-16 06:50:03', 0, 1, 'Lấy lịch sử xử lý đơn hàng'),
	(575, 'train:crm:bookings:updatePaymentStatus', 33, NULL, '2020-10-16 06:56:53', 0, 1, 'Cập nhật trạng thái thanh toán (CS xử lý tay và đổi)'),
	(576, 'train:crm:refund:manually:update', 33, NULL, '2020-10-16 06:59:37', 1, 1, 'Cập nhật thông tin tài khoản đươc hoàn trên CRM (CS xử lý trường hợp không thể xuất vé do hết hạn thanh toán)'),
	(577, 'train:crm:refund:listing', 33, NULL, '2020-10-16 07:01:07', 0, 1, 'Lấy danh sách yêu cầu hoàn vé'),
	(578, 'train:crm:reports:detailrefund:export', 33, NULL, '2020-10-16 07:05:08', 0, 1, 'Xuất báo cáo chi tiết hủy'),
	(579, 'train:crm:reports:summaryrefund:get', 33, NULL, '2020-10-16 07:07:46', 0, 1, 'Lấy báo cáo tổng hợp hủy'),
	(580, 'train:crm:refund:manually:create', 33, NULL, '2020-10-16 07:09:13', 0, 1, 'Tạo yêu cầu hoàn bởi hệ thống'),
	(581, 'train:crm:refund:updateStatus', 33, NULL, '2020-10-16 07:15:41', 0, 1, 'Kế toán xác nhận hoàn tiền cho yêu cầu hoàn'),
	(582, 'train:crm:refund:getAccountInfo', 33, NULL, '2020-10-16 07:17:28', 0, 1, 'Lấy thông tin tài khoản hoàn tiền nhập bởi CSKH'),
	(583, 'train:crm:retryIssueTicket', 33, NULL, '2020-10-16 07:18:54', 0, 1, 'Gửi yêu cầu xuất vé (CSKH xử lý khi đơn còn hạn và xác nhận đc việc khách trả tiền)'),
	(584, 'train:crm:bookings:detail1', 33, NULL, '2020-10-16 07:20:11', 0, 1, 'Lấy chi tiết đơn hàng trên CRM'),
	(585, 'train:crm:reports:summaryrefund:export', 33, NULL, '2020-10-16 07:35:40', 0, 1, 'Xuất báo cáo tổng hợp yêu cầu hủy'),
	(586, 'hms-pre:hotels:registration:amenities', 25, NULL, '2020-10-16 08:09:22', 1, 1, NULL),
	(587, 'tripione:trip:admin:report:hotel:download', 5, NULL, '2020-11-09 03:11:02', 1, 1, NULL),
	(588, 'tripione:dashboard:generalInformation', 5, NULL, '2020-09-16 08:15:55', 1, 1, NULL),
	(589, 'hms-pre:hotel:progress', 1, NULL, '2020-10-19 10:02:05', 1, -1, 'percentage create hotel'),
	(590, 'hms-pre:hotel:progress', 25, NULL, '2020-10-19 10:06:51', 0, 1, 'phan tram tao khach san'),
	(591, 'tripione:dashboard:trip', 5, NULL, '2020-09-16 08:15:55', 1, 1, NULL),
	(592, 'msgs:log:search', 14, NULL, '2020-10-20 08:28:48', 0, 1, NULL),
	(593, 'hms-pre:hotel:contract:create:king', 25, NULL, '2020-10-20 10:15:35', 0, 1, NULL),
	(594, 'hms-pre:hotel:contract:create', 25, NULL, '2020-10-20 10:15:46', 2, 1, NULL),
	(595, 'hms-pre:hotel:contract:update', 25, NULL, '2020-10-20 10:16:20', 1, -1, NULL),
	(596, 'hms-pre:hotel:contract:update:king', 25, NULL, '2020-10-20 10:16:27', 1, -1, NULL),
	(597, 'hms-pre:hotel:contract:view:king', 25, NULL, '2020-10-20 10:16:41', 0, 1, NULL),
	(598, 'hms-pre:hotel:contract:view', 25, NULL, '2020-10-20 10:16:51', 0, 1, NULL),
	(599, 'hms-pre:hotel:contract:delete:king', 25, NULL, '2020-11-12 09:31:21', 1, 1, NULL),
	(600, 'hms-pre:hotel:contract:delete', 25, NULL, '2020-11-12 09:31:59', 1, 1, NULL),
	(601, 'tripione:dashboard:user', 5, NULL, '2020-09-16 08:15:55', 1, 1, NULL),
	(602, 'hms-pre:hotel:contract:override:king', 25, NULL, '2020-10-21 01:53:35', 1, -1, NULL),
	(603, 'hms-pre:hotel:nearby:view', 25, NULL, '2020-10-21 03:48:54', 0, 1, NULL),
	(604, 'tripione:dashboard:detail', 5, NULL, '2020-09-16 08:15:55', 1, 1, NULL),
	(605, 'hms-pre:hotel:create:king', 25, NULL, '2020-10-21 06:53:30', 0, 1, NULL),
	(606, 'hms-pre:hotels:ratePackage:detail', 25, NULL, '2020-10-21 10:52:20', 0, 1, NULL),
	(607, 'hms-pre:management:area:view:king', 25, NULL, '2020-10-21 11:38:01', 1, -1, NULL),
	(608, 'hms-pre:management:area:view', 25, NULL, '2020-10-21 11:38:24', 0, 1, NULL),
	(609, 'FE_PORTAL', 31, NULL, '2020-10-22 02:31:40', 0, 1, NULL),
	(610, 'msgs:log:getDetail', 14, NULL, '2020-10-22 02:32:07', 1, 1, NULL),
	(611, 'FE_PORTAL2', 31, NULL, '2020-10-22 02:48:11', 1, -1, NULL),
	(612, 'msgs:notify:deleteNotify', 14, NULL, '2020-10-22 03:08:14', 1, 1, NULL),
	(613, 'hms-pre:user-management:assign:king', 25, NULL, '2020-10-23 02:55:22', 1, 1, NULL),
	(614, 'hms-pre:hotels:general-info', 25, NULL, '2020-10-23 04:56:49', 0, 1, NULL),
	(615, 'ams:gateway:partner:getDetail', 2, NULL, '2020-10-23 15:00:34', 0, 1, NULL),
	(616, 'hms-pre:provider:dashboard:view', 25, NULL, '2020-10-26 16:31:34', 0, 1, NULL),
	(617, 'hms-pre:hotels:ratePlan:create', 25, NULL, '2020-10-26 17:40:04', 0, 1, NULL),
	(618, 'hms-pre:hotel:member:view:king', 25, NULL, '2020-10-26 20:08:26', 0, 1, NULL),
	(619, 'hms-pre:hotels:ratePlan:update', 25, NULL, '2020-10-27 11:04:52', 0, 1, NULL),
	(620, 'hms-pre:king:group-operators:view', 25, NULL, '2020-10-27 13:26:43', 1, -1, NULL),
	(621, 'hms-pre:king:group-operators:hotel:view', 25, NULL, '2020-10-27 13:26:54', 1, -1, NULL),
	(622, 'hms-pre:king:group-operators:update', 25, NULL, '2020-10-27 13:27:04', 1, -1, NULL),
	(623, 'hms-pre:group-operator:delete:king', 25, NULL, '2020-10-27 13:27:14', 2, -1, NULL),
	(624, 'hms-pre:hotel:test', 25, NULL, '2020-10-27 13:49:00', 0, 1, NULL),
	(625, 'hms-pre:hotels:ratePlan:delete', 25, NULL, '2020-10-27 13:55:56', 0, 1, NULL),
	(626, 'hms-pre:king:group-operators:create', 25, NULL, '2020-10-27 15:06:15', 1, -1, NULL),
	(627, 'hms-pre:group-operators:members:view:king', 25, NULL, '2020-10-27 15:27:04', 0, 1, NULL),
	(628, 'hms-pre:group-operator:in-hotel:delete-member:king', 25, NULL, '2020-10-27 15:27:30', 2, 1, NULL),
	(629, 'hms-pre:group-operator:in-hotel:view', 25, NULL, '2020-10-27 17:35:35', 2, 1, NULL),
	(630, 'hms-pre:group-operator:in-hotel:delete-member', 25, NULL, '2020-10-27 17:35:46', 2, 1, NULL),
	(631, 'hms-pre:group-operators:in-hotel:providers:view', 25, NULL, '2020-10-28 13:43:28', 1, -1, NULL),
	(632, 'hms-pre:group-operator:in-hotel:assign', 25, NULL, '2020-10-28 14:24:45', 1, 1, 'assign member to group'),
	(633, 'hms-pre:group-operator:in-hotel:update', 25, NULL, '2020-10-28 15:13:59', 2, -1, 'update group in hotel'),
	(634, 'hms-pre:group-operator:in-hotel:create', 25, NULL, '2020-10-28 15:21:03', 2, -1, 'create group in hotel'),
	(635, 'hms-pre:user-management:view:king', 25, NULL, '2020-11-02 09:46:33', 0, 1, NULL),
	(636, 'hms-pre:hotel:admin-approve-hotel:created-new-root-hotel', 25, NULL, '2020-11-02 14:22:56', 2, 1, NULL),
	(637, 'hms-pre:hotels:ratePlan:list', 25, NULL, '2020-11-02 18:41:35', 0, 1, NULL),
	(638, 'tripione:crm:trips:detail', 5, NULL, '2020-11-03 14:32:44', 0, 1, 'Lấy thông tin chi tiết chuyến đi'),
	(639, 'hms-pre:hotels:ratePlan:enable', 25, NULL, '2020-11-04 09:01:50', 0, 1, NULL),
	(640, 'hms-pre:hotels:ratePlan:detail', 25, NULL, '2020-11-04 09:19:10', 0, 1, NULL),
	(641, 'tripione:crm:trips:filter', 5, NULL, '2020-11-03 14:32:44', 0, 1, 'Lấy thông tin chi tiết chuyến đi'),
	(642, 'hms-pre:hotel:common:view', 25, NULL, '2020-11-04 14:45:56', 0, 1, NULL),
	(643, 'tripione:crm:trips:note', 5, NULL, '2020-11-03 14:32:44', 0, 1, 'Lấy thông tin chi tiết chuyến đi'),
	(644, 'tripione:crm:trips:attach', 5, NULL, '2020-11-03 14:32:44', 0, 1, 'Lấy thông tin chi tiết chuyến đi'),
	(645, 'tripione:crm:trips:assign', 5, NULL, '2020-11-03 14:32:44', 0, 1, 'Lấy thông tin chi tiết chuyến đi'),
	(646, 'payment-ipn', 26, NULL, '2020-11-05 15:36:07', 0, 1, NULL),
	(647, 'ams:gateway:quota:getQuotaDetail', 2, NULL, '2020-11-06 09:58:46', 0, 1, NULL),
	(648, 'payment_admin', 26, NULL, '2020-11-06 13:35:38', 0, 1, NULL),
	(649, 'tripione:hotel:availability', 5, NULL, '2020-09-16 08:15:55', 1, 1, NULL),
	(650, 'tripione:hotel:room:availability', 5, NULL, '2020-09-16 08:15:55', 1, 1, NULL),
	(651, 'tripione:corporatePortal:user:downloadFail', 5, NULL, '2020-09-16 02:52:26', 1, 1, NULL),
	(652, 'hms-pre:room:allotment:view:king', 25, NULL, '2020-11-09 17:47:02', 0, 1, NULL),
	(653, 'hms-pre:room:allotment:view', 25, NULL, '2020-11-09 18:45:08', 0, 1, NULL),
	(654, 'hms-pre:room:allotment:update:king', 25, NULL, '2020-11-09 19:32:29', 0, 1, NULL),
	(655, 'hms-pre:room:allotment:update', 25, NULL, '2020-11-09 19:32:56', 0, 1, NULL),
	(656, 'hms-pre:hotels:rooms-rates:setting', 25, NULL, '2020-11-11 08:48:35', 1, 1, NULL),
	(657, 'hms-pre:hotels:rooms-rates:fetch', 25, NULL, '2020-11-11 08:53:58', 0, 1, NULL),
	(658, 'tripione:crm:trips:checkTripCode', 5, NULL, '2020-11-11 10:20:17', 0, 1, 'Kiểm tra mã chuyến đi có tồn tại hay không'),
	(659, 'tripione:crm:trips:notes', 5, NULL, '2020-11-03 14:32:44', 0, 1, 'Lấy thông tin chi tiết chuyến đi'),
	(660, 'chat:channel:page', 32, NULL, '2020-11-11 16:47:46', 0, 1, NULL),
	(661, 'hms-pre:hotel:approval:request-approve-hotel', 25, NULL, '2020-11-12 10:58:41', 0, 1, NULL),
	(662, 'hms-pre:group-operator:create:king', 25, NULL, '2020-11-12 11:51:11', 1, -1, NULL),
	(663, 'tripione:crm:trips:finish', 5, NULL, '2020-11-03 14:32:44', 0, 1, 'Lấy thông tin chi tiết chuyến đi'),
	(664, 'tripione:crm:trips:cancel', 5, NULL, '2020-11-03 14:32:44', 0, 1, 'Lấy thông tin chi tiết chuyến đi'),
	(665, 'tripione:admin:user:template', 5, NULL, '2020-11-12 15:41:13', 0, 1, NULL),
	(666, 'hms-pre:rooms:rate-plans:setting-reduce', 25, NULL, '2020-11-12 17:15:46', 0, 1, NULL),
	(667, 'tripione:crm:trips:detach', 5, NULL, '2020-11-17 15:19:54', 0, 1, 'Gỡ đơn hàng khỏi chuyến đi'),
	(668, 'tripione:internal:paymentMethods:filter', 5, NULL, '2020-12-10 10:38:06', 1, 1, NULL),
	(669, 'hms-pre:ratePlan:list-to-depend', 25, NULL, '2020-11-23 09:17:31', 1, 1, NULL),
	(670, 'tripione:trip:flight:ancillaryOptions', 5, NULL, '2020-09-16 08:15:55', 1, 1, NULL),
	(671, 'payment-internal', 26, NULL, '2020-11-23 13:59:20', 0, 1, NULL),
	(672, 'hms-pre:rate-plan:amenities', 25, NULL, '2020-11-23 14:15:04', 0, 1, NULL),
	(673, 'tripi-feed:basic', 36, NULL, '2020-11-24 10:30:59', 1, 1, NULL),
	(674, 'hms-pre:hotel:rootHotel:view', 25, NULL, '2020-11-24 14:35:40', 0, 1, 'view root hotel '),
	(675, 'chat:messages', 32, NULL, '2020-11-24 16:33:17', 0, 1, NULL),
	(676, 'chat:chatGroup:listMember', 32, NULL, '2020-11-25 00:41:54', 0, 1, NULL),
	(677, 'hms-pre:group-operator:view', 25, NULL, '2020-11-25 10:05:57', 0, 1, NULL),
	(678, 'hms-pre:account:changeStatus', 25, NULL, '2020-11-25 11:50:23', 0, 1, NULL),
	(679, 'hms-pre:hotel:contract:editCommission', 25, NULL, '2020-11-25 16:58:31', 0, 1, NULL),
	(680, 'hms-pre:promotion:update:king', 25, NULL, '2020-11-26 20:07:06', 0, 1, ''),
	(681, 'hms-pre:promotion:update', 25, NULL, '2020-11-26 20:26:43', 0, 1, NULL),
	(682, 'hms-pre:promotion:view:king', 25, NULL, '2020-11-27 13:32:11', 0, 1, NULL),
	(683, 'hms-pre:promotion:view', 25, NULL, '2020-11-27 13:32:26', 0, 1, NULL),
	(684, 'hms-pre:hotel:similar-hotel-with-name', 25, NULL, '2020-11-27 14:17:09', 0, 1, NULL),
	(685, 'chat:chatGroup:groupsMembers', 32, NULL, '2020-11-30 09:52:02', 0, 1, NULL),
	(686, 'chat:chatGroup:groupsMembers:addMember', 32, NULL, '2020-11-30 09:55:59', 0, 1, NULL),
	(687, 'chat:chatGroup:groupsMembers:removeMember', 32, NULL, '2020-11-30 09:56:16', 0, 1, NULL),
	(688, 'hms-pre:rate-plan:view:king', 25, NULL, '2020-11-30 15:32:39', 0, 1, NULL),
	(689, 'hms-pre:hotel:admin-approve-hotel:check-duplicate', 25, NULL, '2020-11-30 17:47:07', 0, 1, NULL),
	(690, 'tripi-feed:getNewsFeeds', 36, NULL, '2020-12-01 09:11:32', 1, -1, NULL),
	(691, 'hms-pre:promotion-type:all', 25, NULL, '2020-12-01 11:40:04', 0, 1, NULL),
	(692, 'hms-pre:hotel:admin-approve-hotel:map-hotel-already', 25, NULL, '2020-12-01 13:22:33', 0, 1, NULL),
	(693, 'hms-pre:hotel:admin-approval-hotel:assignment-hotel-already', 25, NULL, '2020-12-01 13:23:37', 0, 1, NULL),
	(694, 'hms-pre:hotel:admin-approve-hotel:assignment-hotel-already', 25, NULL, '2020-12-01 13:24:11', 0, 1, NULL),
	(695, 'hms-pre:hotel:admin-approve-hotel:reject', 25, NULL, '2020-12-01 13:31:00', 0, 1, NULL),
	(696, 'csp:tickets', 35, NULL, '2020-12-01 15:03:31', 0, 1, NULL),
	(697, 'hms-pre:promotion:create', 25, NULL, '2020-12-01 18:30:19', 0, 1, NULL),
	(698, 'hotel-connector:public', 37, NULL, '2020-12-02 13:57:19', 0, 1, NULL),
	(699, 'hms-pre:promotion:create:king', 25, NULL, '2020-12-02 17:08:41', 0, 1, NULL),
	(700, 'hms-pre:promotion:preview', 25, NULL, '2020-12-02 18:19:50', 0, 1, NULL),
	(701, 'hms-pre:group-operator:member:assign:king', 25, NULL, '2020-12-04 10:46:08', 0, 1, NULL),
	(702, 'csp:tag', 35, NULL, '2020-12-07 13:26:06', 0, 1, NULL),
	(703, 'csp:team', 35, NULL, '2020-12-07 15:40:16', 0, 1, NULL),
	(704, 'ams:account:simple-info', 2, NULL, '2020-12-08 01:44:48', 0, 1, 'for validate access token'),
	(705, 'hms-pre:account:in-hotel:role', 25, NULL, '2020-12-08 19:18:54', 0, 1, 'get role of user in hotel'),
	(706, 'csp:anonymous', 35, NULL, '2020-12-09 09:07:05', 0, 1, NULL),
	(707, 'chat:user:getLateMsg', 32, NULL, '2020-12-09 16:01:04', 0, 1, NULL),
	(708, 'hms-pre:marketing:crud', 25, NULL, '2020-12-10 11:25:04', 0, 1, 'crud marketing '),
	(709, 'hms-pre:campaign-ranking:list', 25, NULL, '2020-12-10 14:06:04', 0, 1, NULL),
	(710, 'csp:shortcuts', 35, NULL, '2020-12-10 17:42:06', 0, 1, NULL),
	(711, 'hms-pre:rate-plan:rate-type', 25, NULL, '2020-12-11 08:54:45', 0, 1, NULL),
	(712, 'csp:employee:switchStatus', 35, NULL, '2020-12-15 16:25:25', 0, 1, NULL),
	(713, 'hms-pre:campaign-ranking:insert', 25, NULL, '2020-12-15 17:54:13', 0, 1, NULL),
	(714, 'chat:file:upload', 32, NULL, '2020-12-16 09:27:28', 0, 1, NULL),
	(715, 'FETicket_Anon', 31, NULL, '2020-12-16 10:29:59', 0, 1, NULL),
	(716, 'hms-pre:campaign-ranking:update', 25, NULL, '2020-12-16 10:36:30', 0, 1, NULL),
	(717, 'hms-pre:campaign-ranking:delete', 25, NULL, '2020-12-16 10:36:56', 0, 1, NULL),
	(718, 'hms-pre:hotel:simple-root-hotel-info', 25, NULL, '2020-12-16 11:07:28', 0, 1, NULL),
	(719, 'ams:account:getUserAvatarInfo', 2, NULL, '2020-12-17 09:44:28', 0, 1, NULL),
	(720, 'hms-pre:booking:view', 25, NULL, '2020-12-17 11:34:40', 0, 1, NULL),
	(721, 'hms-pre:hotel:approval:king', 25, NULL, '2020-12-17 17:28:36', 0, 1, NULL),
	(722, 'hms-pre:ratePlan:king', 25, NULL, '2020-12-18 11:57:49', 0, 1, NULL),
	(723, 'hms-pre:campaign-ranking:search-hotel', 25, NULL, '2020-12-18 14:31:12', 0, 1, NULL),
	(724, 'hms-pre:campaign-ranking:enable', 25, NULL, '2020-12-21 15:13:52', 0, 1, NULL),
	(725, 'chat:chatGroup:getDetail', 32, NULL, '2020-12-22 15:40:36', 0, 1, NULL),
	(726, 'csp:employees:getFreeEmployee', 35, NULL, '2020-12-23 11:26:19', 0, 1, NULL),
	(727, 'csp:tickets:employees', 35, NULL, '2020-12-24 17:40:06', 0, 1, NULL),
	(728, 'csp:tickets:current-ticket', 35, NULL, '2020-12-24 18:07:11', 1, 1, NULL),
	(729, 'csp:tickets:first-message', 35, NULL, '2020-12-25 09:13:17', 0, 1, NULL),
	(730, 'msgs:notify:sendUserMultiApp', 14, NULL, '2020-12-25 11:42:26', 0, 1, NULL),
	(731, 'csp:tickets:list-tickets', 35, NULL, '2020-12-28 17:11:05', 0, 1, NULL),
	(732, 'csp:employee:information', 35, NULL, '2020-12-29 11:27:45', 0, 1, NULL),
	(733, 'csp:tickets:supervisors', 35, NULL, '2020-12-29 15:33:23', 0, 1, NULL),
	(734, 'csp:tickets:support', 35, NULL, '2020-12-30 10:24:34', 0, 1, NULL),
	(735, 'chat:app', 32, NULL, '2020-12-30 10:28:01', 0, 1, NULL),
	(736, 'chat:chatGroup:getGroup', 35, NULL, '2020-12-30 15:43:12', 1, -1, NULL),
	(737, 'chat:chatGroup:getGroup', 32, NULL, '2020-12-30 15:43:42', 0, 1, NULL),
	(738, 'hms-pre:hotels:bookings:get', 25, NULL, '2020-12-31 11:21:04', 0, 1, NULL),
	(739, 'hms-pre:booking:notify', 25, NULL, '2020-12-31 17:27:00', 0, 1, NULL),
	(740, 'hms-pre:hotels:bookings:list', 25, NULL, '2021-01-04 09:35:41', 0, 1, NULL),
	(742, 'chat:chatGroup:groupsMembers:getActiveGroupMembers', 32, NULL, '2021-01-04 11:51:49', 0, 1, NULL),
	(743, 'tripione:admin:uploadContract', 5, NULL, '2020-09-25 07:40:14', 0, 1, NULL),
	(744, 'csp:tickets:assign-team', 35, NULL, '2021-01-04 18:01:04', 0, 1, NULL),
	(745, 'csp:tickets:manual-assign', 35, NULL, '2021-01-05 10:34:51', 0, 1, NULL),
	(746, 'tripione:trips:refreshPrice', 5, NULL, '2021-01-05 16:14:27', 0, 1, 'Làm mới giá các đơn hàng trong chuyến đi'),
	(747, 'csp:tickets:active-ticket', 35, NULL, '2021-01-06 09:17:13', 0, 1, NULL),
	(748, 'hms-pre:actuator:health', 25, NULL, '2021-01-08 11:34:46', 0, 1, NULL),
	(749, 'chat:chatGroup:groupsMembers:lastContentMessage', 32, NULL, '2021-01-08 14:04:11', 0, 1, NULL),
	(750, 'csp:tickets:last-message-content', 35, NULL, '2021-01-08 15:29:47', 0, 1, NULL),
	(751, 'csp:ticket:getdetail', 35, NULL, '2021-01-08 16:30:37', 0, 1, NULL);
/*!40000 ALTER TABLE `PERMISSION` ENABLE KEYS */;

-- Dumping structure for table ySmdjxnAyh.ROLE_CLOSURE
CREATE TABLE IF NOT EXISTS `ROLE_CLOSURE` (
  `id` bigint(20) NOT NULL AUTO_INCREMENT,
  `ANCESTOR` bigint(20) NOT NULL,
  `descendent` bigint(20) DEFAULT NULL,
  `DEPTH` int(11) NOT NULL,
  PRIMARY KEY (`id`),
  KEY `ROLE_CLOSURE_FK` (`ANCESTOR`),
  KEY `ROLE_CLOSURE_FK_1` (`descendent`),
  CONSTRAINT `ROLE_CLOSURE_FK` FOREIGN KEY (`ANCESTOR`) REFERENCES `SE_ROLE` (`id`),
  CONSTRAINT `ROLE_CLOSURE_FK_1` FOREIGN KEY (`descendent`) REFERENCES `SE_ROLE` (`id`)
) ENGINE=InnoDB AUTO_INCREMENT=74 DEFAULT CHARSET=utf8;

-- Dumping data for table ySmdjxnAyh.ROLE_CLOSURE: ~42 rows (approximately)
/*!40000 ALTER TABLE `ROLE_CLOSURE` DISABLE KEYS */;
INSERT INTO `ROLE_CLOSURE` (`id`, `ANCESTOR`, `descendent`, `DEPTH`) VALUES
	(1, 1, 11, 1),
	(2, 21, 20, 1),
	(3, 23, 26, 1),
	(4, 23, 29, 2),
	(5, 26, 29, 1),
	(6, 23, 35, 2),
	(7, 26, 35, 1),
	(8, 21, 38, 1),
	(9, 21, 37, 1),
	(10, 1, 22, 1),
	(11, 43, 44, 1),
	(12, 41, 43, 1),
	(13, 41, 44, 2),
	(14, 21, 42, 1),
	(15, 21, 41, 1),
	(16, 21, 43, 2),
	(17, 21, 44, 3),
	(18, 50, 51, 1),
	(19, 50, 52, 1),
	(21, 3, 7, 1),
	(22, 7, 60, 1),
	(23, 3, 60, 2),
	(24, 53, 76, 1),
	(29, 99, 100, 1),
	(30, 99, 101, 1),
	(31, 99, 102, 1),
	(32, 116, 117, 1),
	(33, 56, 118, 1),
	(40, 126, 53, 1),
	(41, 126, 76, 2),
	(47, 77, 92, 1),
	(62, 92, 55, 1),
	(63, 77, 55, 2),
	(65, 53, 55, 4),
	(66, 76, 55, 3),
	(67, 126, 55, 5),
	(68, 53, 92, 3),
	(69, 76, 92, 2),
	(70, 126, 92, 4),
	(71, 53, 77, 2),
	(72, 76, 77, 1),
	(73, 126, 77, 3);
/*!40000 ALTER TABLE `ROLE_CLOSURE` ENABLE KEYS */;

-- Dumping structure for table ySmdjxnAyh.ROLE_PERMISSION
CREATE TABLE IF NOT EXISTS `ROLE_PERMISSION` (
  `ID` bigint(20) NOT NULL AUTO_INCREMENT,
  `ROLE_ID` bigint(20) NOT NULL,
  `PERMISSION_ID` bigint(20) NOT NULL,
  PRIMARY KEY (`ID`),
  KEY `ROLE_PERMISSION_FK` (`PERMISSION_ID`),
  KEY `ROLE_PERMISSION_FK_1` (`ROLE_ID`),
  CONSTRAINT `ROLE_PERMISSION_FK` FOREIGN KEY (`PERMISSION_ID`) REFERENCES `PERMISSION` (`id`),
  CONSTRAINT `ROLE_PERMISSION_FK_1` FOREIGN KEY (`ROLE_ID`) REFERENCES `SE_ROLE` (`id`)
) ENGINE=InnoDB AUTO_INCREMENT=1380 DEFAULT CHARSET=utf8;

-- Dumping data for table ySmdjxnAyh.ROLE_PERMISSION: ~1,176 rows (approximately)
/*!40000 ALTER TABLE `ROLE_PERMISSION` DISABLE KEYS */;
INSERT INTO `ROLE_PERMISSION` (`ID`, `ROLE_ID`, `PERMISSION_ID`) VALUES
	(1, 3, 1),
	(2, 3, 2),
	(3, 3, 3),
	(4, 3, 4),
	(5, 3, 5),
	(6, 3, 6),
	(7, 3, 7),
	(10, 3, 8),
	(11, 3, 9),
	(12, 3, 10),
	(13, 3, 11),
	(14, 11, 11),
	(15, 3, 12),
	(16, 3, 13),
	(17, 19, 14),
	(18, 18, 15),
	(19, 20, 16),
	(20, 3, 18),
	(21, 21, 19),
	(22, 21, 21),
	(23, 21, 19),
	(24, 21, 22),
	(25, 21, 23),
	(26, 21, 24),
	(27, 21, 25),
	(28, 21, 26),
	(29, 21, 27),
	(30, 21, 28),
	(31, 21, 29),
	(32, 21, 30),
	(33, 21, 31),
	(34, 43, 32),
	(35, 21, 33),
	(36, 21, 34),
	(37, 37, 35),
	(38, 43, 36),
	(39, 21, 37),
	(40, 3, 38),
	(41, 3, 40),
	(42, 3, 41),
	(43, 3, 43),
	(44, 3, 42),
	(45, 3, 44),
	(46, 3, 45),
	(47, 3, 46),
	(48, 3, 17),
	(49, 3, 48),
	(50, 3, 49),
	(51, 3, 50),
	(52, 3, 51),
	(53, 3, 52),
	(54, 3, 53),
	(55, 3, 39),
	(56, 3, 56),
	(57, 3, 57),
	(58, 3, 58),
	(59, 3, 59),
	(60, 3, 60),
	(61, 3, 63),
	(62, 3, 64),
	(63, 3, 65),
	(64, 3, 66),
	(65, 3, 67),
	(66, 3, 68),
	(67, 31, 69),
	(68, 31, 70),
	(69, 31, 71),
	(70, 32, 69),
	(71, 32, 70),
	(72, 3, 72),
	(73, 1, 73),
	(74, 1, 74),
	(75, 1, 141),
	(76, 1, 142),
	(77, 1, 75),
	(78, 1, 135),
	(79, 1, 76),
	(80, 1, 143),
	(81, 1, 77),
	(82, 1, 79),
	(83, 1, 80),
	(84, 1, 83),
	(85, 1, 85),
	(86, 1, 93),
	(87, 1, 90),
	(88, 1, 92),
	(89, 1, 100),
	(90, 1, 110),
	(91, 1, 106),
	(92, 1, 108),
	(93, 1, 109),
	(94, 1, 111),
	(95, 1, 118),
	(96, 1, 121),
	(97, 1, 125),
	(98, 1, 128),
	(99, 1, 133),
	(100, 1, 144),
	(101, 1, 145),
	(102, 1, 146),
	(103, 1, 137),
	(104, 1, 147),
	(105, 1, 148),
	(106, 1, 149),
	(107, 1, 150),
	(108, 1, 151),
	(109, 1, 152),
	(110, 1, 153),
	(111, 1, 154),
	(112, 1, 155),
	(113, 1, 156),
	(114, 1, 157),
	(115, 1, 158),
	(116, 1, 138),
	(117, 1, 159),
	(118, 1, 136),
	(119, 1, 160),
	(120, 1, 139),
	(121, 1, 140),
	(122, 1, 131),
	(123, 1, 161),
	(124, 1, 162),
	(125, 1, 165),
	(126, 1, 166),
	(127, 1, 167),
	(128, 1, 169),
	(129, 1, 170),
	(130, 1, 171),
	(131, 1, 172),
	(132, 1, 178),
	(133, 11, 73),
	(134, 11, 75),
	(135, 11, 78),
	(136, 11, 81),
	(137, 11, 82),
	(138, 11, 84),
	(139, 11, 86),
	(140, 11, 87),
	(141, 11, 88),
	(142, 11, 89),
	(143, 11, 91),
	(144, 11, 94),
	(145, 11, 95),
	(146, 11, 96),
	(147, 11, 97),
	(148, 11, 98),
	(149, 11, 99),
	(150, 11, 100),
	(151, 11, 101),
	(152, 11, 102),
	(153, 11, 103),
	(154, 11, 104),
	(155, 11, 105),
	(156, 11, 106),
	(157, 11, 108),
	(158, 11, 107),
	(159, 11, 112),
	(160, 11, 113),
	(161, 11, 114),
	(162, 11, 111),
	(163, 11, 115),
	(164, 11, 116),
	(165, 11, 117),
	(166, 11, 118),
	(167, 11, 119),
	(168, 11, 120),
	(169, 11, 122),
	(170, 11, 123),
	(171, 11, 124),
	(172, 11, 125),
	(173, 11, 126),
	(174, 11, 127),
	(175, 11, 128),
	(176, 11, 129),
	(177, 11, 135),
	(178, 11, 130),
	(179, 11, 134),
	(180, 11, 161),
	(181, 11, 162),
	(182, 11, 132),
	(183, 11, 163),
	(184, 11, 164),
	(185, 11, 133),
	(186, 11, 165),
	(187, 11, 167),
	(188, 11, 168),
	(189, 11, 169),
	(190, 11, 170),
	(191, 11, 171),
	(192, 11, 173),
	(193, 11, 174),
	(194, 11, 175),
	(195, 11, 176),
	(196, 11, 177),
	(197, 22, 106),
	(198, 22, 136),
	(199, 22, 76),
	(200, 22, 135),
	(201, 22, 137),
	(202, 22, 125),
	(203, 22, 138),
	(204, 22, 139),
	(205, 22, 140),
	(206, 22, 73),
	(207, 22, 84),
	(208, 22, 80),
	(209, 22, 81),
	(210, 22, 132),
	(211, 22, 163),
	(212, 22, 168),
	(213, 22, 169),
	(214, 22, 170),
	(215, 22, 171),
	(216, 22, 86),
	(217, 22, 86),
	(218, 22, 86),
	(219, 22, 89),
	(220, 22, 95),
	(221, 22, 95),
	(222, 22, 101),
	(223, 22, 102),
	(224, 22, 103),
	(225, 22, 104),
	(226, 22, 106),
	(227, 22, 110),
	(228, 22, 119),
	(229, 22, 125),
	(230, 22, 126),
	(231, 22, 127),
	(232, 22, 128),
	(233, 22, 128),
	(234, 22, 135),
	(235, 22, 135),
	(236, 22, 161),
	(237, 22, 161),
	(238, 22, 163),
	(239, 22, 82),
	(240, 3, 179),
	(241, 3, 180),
	(242, 3, 181),
	(243, 3, 182),
	(244, 34, 7),
	(245, 34, 183),
	(246, 34, 18),
	(247, 3, 185),
	(248, 21, 186),
	(249, 21, 186),
	(250, 43, 187),
	(251, 21, 188),
	(252, 21, 189),
	(253, 3, 190),
	(254, 3, 191),
	(255, 3, 192),
	(256, 3, 193),
	(257, 3, 194),
	(258, 3, 195),
	(259, 3, 196),
	(261, 21, 197),
	(262, 3, 198),
	(263, 3, 199),
	(264, 21, 200),
	(265, 21, 201),
	(266, 37, 202),
	(267, 38, 203),
	(268, 38, 204),
	(269, 38, 205),
	(270, 38, 206),
	(271, 38, 208),
	(273, 39, 209),
	(274, 7, 192),
	(275, 7, 7),
	(276, 7, 58),
	(277, 37, 210),
	(278, 7, 58),
	(279, 38, 225),
	(280, 3, 226),
	(281, 3, 227),
	(282, 3, 228),
	(283, 3, 229),
	(284, 3, 230),
	(285, 3, 231),
	(286, 3, 232),
	(287, 3, 233),
	(288, 3, 234),
	(289, 3, 235),
	(290, 3, 236),
	(291, 3, 237),
	(292, 37, 238),
	(293, 3, 239),
	(294, 3, 240),
	(295, 3, 241),
	(296, 3, 242),
	(297, 3, 243),
	(298, 3, 244),
	(299, 3, 245),
	(300, 3, 246),
	(301, 7, 247),
	(302, 37, 248),
	(303, 37, 249),
	(304, 21, 250),
	(305, 7, 251),
	(306, 37, 252),
	(307, 21, 253),
	(308, 21, 254),
	(309, 21, 255),
	(310, 21, 256),
	(311, 21, 257),
	(312, 21, 258),
	(313, 21, 4),
	(314, 37, 259),
	(315, 40, 260),
	(316, 3, 261),
	(317, 3, 262),
	(318, 37, 200),
	(319, 37, 197),
	(320, 3, 247),
	(321, 21, 210),
	(333, 44, 208),
	(334, 44, 204),
	(335, 44, 205),
	(336, 44, 206),
	(337, 43, 189),
	(338, 43, 188),
	(339, 43, 186),
	(340, 43, 37),
	(341, 43, 34),
	(342, 43, 33),
	(343, 43, 25),
	(344, 43, 23),
	(345, 43, 22),
	(346, 43, 28),
	(347, 43, 27),
	(348, 43, 255),
	(349, 43, 31),
	(350, 43, 30),
	(351, 42, 250),
	(352, 42, 253),
	(353, 42, 257),
	(354, 42, 258),
	(355, 44, 201),
	(356, 43, 24),
	(357, 43, 19),
	(358, 43, 16),
	(359, 3, 263),
	(360, 3, 264),
	(361, 42, 254),
	(362, 42, 255),
	(363, 42, 256),
	(364, 3, 265),
	(365, 21, 266),
	(366, 42, 266),
	(367, 21, 267),
	(368, 42, 267),
	(369, 21, 268),
	(370, 42, 268),
	(371, 21, 269),
	(372, 42, 269),
	(373, 45, 270),
	(374, 21, 271),
	(375, 42, 271),
	(376, 3, 272),
	(377, 21, 273),
	(378, 42, 273),
	(379, 43, 274),
	(380, 18, 14),
	(381, 21, 275),
	(382, 42, 275),
	(383, 42, 276),
	(384, 42, 277),
	(385, 42, 278),
	(386, 42, 279),
	(387, 42, 280),
	(388, 45, 281),
	(389, 46, 281),
	(390, 7, 282),
	(391, 3, 283),
	(392, 7, 284),
	(393, 43, 285),
	(394, 43, 286),
	(395, 7, 287),
	(396, 3, 288),
	(397, 45, 289),
	(398, 46, 289),
	(399, 45, 290),
	(401, 21, 292),
	(402, 42, 292),
	(403, 44, 291),
	(404, 3, 294),
	(405, 47, 298),
	(406, 47, 299),
	(407, 47, 300),
	(408, 47, 301),
	(409, 47, 302),
	(410, 47, 303),
	(411, 47, 304),
	(412, 47, 305),
	(413, 43, 29),
	(414, 45, 309),
	(415, 43, 26),
	(416, 45, 319),
	(417, 45, 323),
	(418, 45, 322),
	(419, 45, 321),
	(420, 45, 320),
	(421, 45, 318),
	(422, 45, 317),
	(423, 45, 316),
	(424, 45, 315),
	(425, 45, 314),
	(426, 45, 313),
	(427, 45, 312),
	(428, 45, 324),
	(429, 3, 325),
	(430, 45, 326),
	(431, 42, 327),
	(432, 42, 328),
	(433, 45, 329),
	(434, 44, 225),
	(435, 44, 273),
	(436, 44, 275),
	(437, 44, 292),
	(438, 3, 330),
	(439, 3, 332),
	(440, 42, 333),
	(441, 45, 334),
	(442, 45, 335),
	(443, 44, 338),
	(444, 44, 26),
	(445, 44, 19),
	(446, 50, 336),
	(447, 50, 337),
	(448, 43, 339),
	(449, 43, 342),
	(450, 52, 337),
	(451, 43, 343),
	(452, 43, 344),
	(453, 45, 345),
	(454, 45, 346),
	(455, 46, 347),
	(456, 45, 347),
	(457, 45, 348),
	(458, 45, 349),
	(459, 42, 350),
	(460, 56, 351),
	(461, 45, 352),
	(462, 3, 353),
	(463, 53, 354),
	(464, 53, 355),
	(465, 92, 354),
	(466, 60, 356),
	(467, 44, 357),
	(468, 60, 358),
	(469, 45, 359),
	(470, 37, 360),
	(471, 63, 361),
	(472, 58, 349),
	(476, 3, 362),
	(479, 44, 363),
	(480, 7, 364),
	(481, 44, 365),
	(482, 92, 366),
	(483, 44, 266),
	(484, 44, 267),
	(485, 44, 268),
	(486, 44, 269),
	(487, 62, 367),
	(488, 63, 368),
	(489, 3, 369),
	(490, 62, 370),
	(491, 92, 371),
	(492, 92, 372),
	(493, 53, 375),
	(494, 53, 373),
	(495, 92, 376),
	(496, 53, 376),
	(497, 44, 377),
	(498, 44, 378),
	(499, 66, 358),
	(500, 66, 263),
	(501, 63, 379),
	(504, 53, 381),
	(505, 92, 382),
	(506, 56, 383),
	(507, 53, 384),
	(508, 43, 385),
	(509, 43, 386),
	(510, 43, 387),
	(511, 7, 388),
	(512, 43, 389),
	(513, 71, 371),
	(514, 71, 373),
	(515, 43, 390),
	(516, 43, 391),
	(517, 43, 392),
	(518, 43, 393),
	(519, 43, 394),
	(520, 43, 395),
	(521, 42, 201),
	(522, 43, 396),
	(523, 44, 397),
	(524, 44, 398),
	(525, 63, 399),
	(526, 7, 400),
	(527, 45, 401),
	(528, 45, 402),
	(529, 45, 403),
	(530, 45, 404),
	(531, 45, 405),
	(532, 78, 380),
	(533, 78, 381),
	(534, 78, 376),
	(535, 78, 354),
	(536, 78, 382),
	(537, 78, 366),
	(538, 81, 366),
	(539, 81, 376),
	(540, 81, 382),
	(541, 81, 380),
	(542, 81, 381),
	(543, 81, 354),
	(544, 82, 380),
	(545, 82, 381),
	(546, 82, 376),
	(547, 82, 382),
	(548, 82, 366),
	(549, 82, 354),
	(550, 83, 371),
	(551, 83, 373),
	(552, 84, 376),
	(553, 84, 354),
	(554, 84, 381),
	(555, 84, 380),
	(556, 84, 382),
	(557, 84, 366),
	(558, 85, 354),
	(559, 85, 382),
	(560, 85, 366),
	(561, 85, 376),
	(562, 85, 380),
	(563, 85, 381),
	(565, 86, 380),
	(567, 86, 376),
	(568, 86, 366),
	(569, 86, 381),
	(570, 87, 366),
	(571, 87, 381),
	(572, 87, 354),
	(573, 87, 376),
	(574, 87, 380),
	(575, 87, 382),
	(576, 44, 256),
	(577, 44, 254),
	(579, 86, 354),
	(580, 86, 382),
	(581, 44, 29),
	(583, 53, 406),
	(585, 44, 407),
	(586, 44, 408),
	(587, 44, 409),
	(588, 44, 410),
	(589, 44, 411),
	(590, 44, 412),
	(608, 61, 232),
	(609, 61, 243),
	(611, 61, 245),
	(626, 3, 414),
	(627, 63, 415),
	(628, 92, 416),
	(629, 76, 381),
	(632, 76, 413),
	(633, 92, 417),
	(634, 43, 418),
	(636, 45, 419),
	(637, 45, 420),
	(638, 43, 421),
	(640, 53, 423),
	(641, 53, 417),
	(642, 92, 423),
	(645, 93, 345),
	(646, 93, 346),
	(647, 3, 425),
	(648, 3, 424),
	(649, 3, 426),
	(652, 43, 427),
	(653, 44, 428),
	(654, 44, 429),
	(655, 44, 430),
	(656, 44, 431),
	(657, 44, 432),
	(658, 44, 433),
	(659, 92, 434),
	(660, 92, 434),
	(686, 56, 436),
	(690, 43, 437),
	(696, 92, 439),
	(708, 3, 442),
	(709, 3, 441),
	(710, 92, 443),
	(711, 92, 443),
	(712, 77, 443),
	(713, 76, 443),
	(714, 53, 443),
	(715, 85, 440),
	(717, 59, 438),
	(718, 56, 444),
	(719, 44, 445),
	(720, 66, 438),
	(722, 34, 438),
	(723, 56, 446),
	(724, 92, 447),
	(725, 77, 448),
	(726, 77, 449),
	(727, 77, 450),
	(728, 77, 451),
	(730, 92, 452),
	(731, 77, 452),
	(732, 76, 452),
	(733, 53, 452),
	(734, 92, 453),
	(735, 92, 454),
	(736, 53, 455),
	(737, 53, 456),
	(738, 53, 457),
	(739, 92, 458),
	(741, 41, 201),
	(742, 43, 201),
	(743, 92, 460),
	(744, 92, 460),
	(747, 39, 461),
	(748, 45, 462),
	(749, 92, 440),
	(750, 44, 255),
	(751, 92, 465),
	(753, 53, 464),
	(757, 53, 469),
	(758, 92, 470),
	(759, 53, 471),
	(760, 53, 472),
	(761, 53, 473),
	(762, 92, 474),
	(763, 53, 475),
	(764, 53, 476),
	(765, 53, 477),
	(766, 53, 478),
	(767, 53, 479),
	(768, 53, 480),
	(773, 53, 482),
	(774, 92, 483),
	(775, 92, 484),
	(776, 1, 463),
	(777, 44, 486),
	(783, 44, 488),
	(784, 44, 489),
	(785, 92, 490),
	(786, 92, 491),
	(787, 44, 492),
	(788, 92, 493),
	(789, 92, 494),
	(790, 92, 496),
	(791, 92, 497),
	(795, 92, 498),
	(796, 43, 499),
	(797, 92, 501),
	(798, 92, 502),
	(799, 19, 503),
	(800, 92, 504),
	(801, 92, 504),
	(802, 44, 505),
	(805, 45, 507),
	(806, 45, 508),
	(807, 45, 509),
	(808, 45, 510),
	(809, 45, 511),
	(810, 45, 512),
	(811, 45, 513),
	(812, 45, 514),
	(813, 45, 515),
	(814, 45, 516),
	(817, 92, 518),
	(818, 92, 518),
	(819, 76, 518),
	(821, 41, 520),
	(822, 43, 521),
	(823, 42, 521),
	(828, 92, 523),
	(829, 41, 524),
	(830, 41, 525),
	(833, 77, 527),
	(834, 42, 528),
	(835, 43, 528),
	(836, 45, 531),
	(837, 93, 531),
	(838, 93, 529),
	(839, 93, 532),
	(840, 93, 533),
	(843, 53, 536),
	(844, 77, 535),
	(845, 96, 537),
	(846, 42, 538),
	(847, 43, 538),
	(848, 97, 539),
	(849, 97, 551),
	(850, 97, 540),
	(851, 97, 541),
	(852, 97, 548),
	(853, 97, 543),
	(854, 97, 546),
	(855, 97, 550),
	(856, 97, 545),
	(857, 97, 542),
	(858, 97, 547),
	(860, 98, 549),
	(861, 98, 553),
	(862, 98, 552),
	(863, 98, 544),
	(864, 45, 555),
	(865, 45, 529),
	(866, 45, 559),
	(867, 100, 556),
	(868, 100, 557),
	(869, 100, 558),
	(870, 100, 569),
	(871, 100, 570),
	(872, 100, 584),
	(873, 100, 571),
	(874, 100, 572),
	(875, 100, 573),
	(876, 100, 574),
	(877, 100, 577),
	(878, 100, 579),
	(879, 100, 582),
	(880, 101, 556),
	(881, 101, 557),
	(882, 101, 558),
	(883, 101, 560),
	(884, 101, 561),
	(885, 101, 564),
	(886, 101, 565),
	(887, 101, 566),
	(888, 101, 567),
	(889, 101, 568),
	(890, 101, 569),
	(891, 101, 570),
	(892, 101, 571),
	(893, 101, 584),
	(894, 101, 574),
	(895, 101, 575),
	(896, 101, 576),
	(897, 101, 577),
	(898, 101, 579),
	(899, 101, 580),
	(900, 101, 582),
	(901, 101, 583),
	(902, 102, 556),
	(903, 102, 558),
	(904, 102, 557),
	(905, 102, 572),
	(906, 102, 562),
	(907, 102, 563),
	(908, 102, 573),
	(909, 102, 567),
	(910, 102, 569),
	(911, 102, 568),
	(912, 102, 570),
	(913, 102, 584),
	(914, 102, 571),
	(915, 102, 574),
	(916, 102, 577),
	(917, 102, 578),
	(918, 102, 579),
	(919, 102, 585),
	(920, 102, 581),
	(921, 102, 582),
	(926, 42, 587),
	(927, 43, 587),
	(928, 97, 552),
	(929, 97, 544),
	(930, 97, 549),
	(931, 97, 553),
	(932, 44, 588),
	(933, 22, 589),
	(934, 1, 589),
	(935, 63, 590),
	(937, 44, 591),
	(938, 45, 592),
	(939, 53, 593),
	(941, 53, 596),
	(942, 53, 597),
	(943, 53, 599),
	(944, 92, 598),
	(945, 43, 601),
	(946, 53, 602),
	(947, 77, 600),
	(948, 77, 595),
	(950, 43, 604),
	(951, 53, 605),
	(953, 92, 608),
	(954, 45, 610),
	(955, 103, 609),
	(956, 104, 609),
	(957, 45, 612),
	(958, 105, 354),
	(959, 105, 382),
	(960, 105, 366),
	(961, 105, 381),
	(962, 105, 376),
	(963, 105, 380),
	(964, 106, 366),
	(965, 106, 381),
	(966, 106, 376),
	(967, 106, 380),
	(968, 106, 382),
	(969, 106, 354),
	(970, 53, 613),
	(971, 92, 614),
	(972, 92, 614),
	(973, 3, 615),
	(974, 107, 533),
	(975, 107, 559),
	(976, 107, 345),
	(977, 107, 529),
	(978, 107, 532),
	(979, 107, 555),
	(980, 107, 346),
	(981, 107, 531),
	(982, 107, 612),
	(983, 108, 289),
	(984, 109, 402),
	(985, 109, 348),
	(986, 109, 401),
	(987, 109, 324),
	(988, 109, 405),
	(989, 109, 419),
	(990, 109, 462),
	(991, 111, 548),
	(992, 111, 550),
	(993, 92, 616),
	(995, 92, 617),
	(996, 53, 618),
	(997, 92, 619),
	(998, 92, 619),
	(999, 53, 621),
	(1000, 53, 620),
	(1001, 53, 623),
	(1002, 53, 622),
	(1003, 53, 624),
	(1004, 92, 625),
	(1005, 92, 625),
	(1006, 53, 626),
	(1007, 53, 627),
	(1008, 53, 628),
	(1009, 92, 629),
	(1010, 92, 630),
	(1011, 92, 631),
	(1012, 92, 632),
	(1013, 92, 633),
	(1014, 92, 634),
	(1015, 112, 373),
	(1016, 112, 371),
	(1017, 113, 373),
	(1018, 113, 371),
	(1019, 114, 371),
	(1020, 114, 373),
	(1021, 115, 371),
	(1022, 115, 373),
	(1023, 59, 264),
	(1024, 59, 364),
	(1025, 59, 263),
	(1026, 59, 400),
	(1027, 59, 362),
	(1028, 59, 369),
	(1029, 59, 358),
	(1030, 59, 356),
	(1031, 59, 353),
	(1032, 59, 414),
	(1033, 53, 635),
	(1035, 92, 637),
	(1036, 92, 637),
	(1037, 117, 638),
	(1038, 92, 639),
	(1039, 92, 639),
	(1040, 92, 640),
	(1041, 92, 640),
	(1042, 42, 641),
	(1043, 92, 642),
	(1047, 118, 646),
	(1048, 3, 647),
	(1049, 119, 648),
	(1050, 44, 649),
	(1051, 44, 650),
	(1052, 43, 651),
	(1053, 53, 652),
	(1054, 92, 653),
	(1055, 53, 654),
	(1056, 92, 655),
	(1057, 117, 641),
	(1058, 92, 656),
	(1059, 92, 656),
	(1060, 92, 657),
	(1061, 92, 657),
	(1062, 117, 658),
	(1063, 117, 644),
	(1065, 110, 281),
	(1066, 96, 660),
	(1067, 94, 660),
	(1068, 120, 371),
	(1069, 120, 373),
	(1070, 92, 422),
	(1071, 117, 659),
	(1073, 117, 643),
	(1074, 53, 662),
	(1075, 117, 645),
	(1078, 117, 664),
	(1079, 117, 663),
	(1080, 43, 665),
	(1081, 92, 666),
	(1082, 92, 666),
	(1083, 44, 203),
	(1084, 117, 667),
	(1085, 44, 668),
	(1087, 44, 670),
	(1089, 121, 673),
	(1090, 96, 675),
	(1091, 94, 675),
	(1092, 92, 674),
	(1093, 94, 676),
	(1095, 92, 677),
	(1096, 77, 678),
	(1098, 77, 594),
	(1099, 92, 679),
	(1101, 92, 681),
	(1103, 92, 683),
	(1104, 42, 291),
	(1106, 92, 672),
	(1107, 94, 685),
	(1108, 94, 686),
	(1109, 94, 687),
	(1110, 96, 687),
	(1111, 96, 686),
	(1113, 53, 688),
	(1116, 92, 691),
	(1120, 128, 696),
	(1121, 127, 696),
	(1122, 92, 697),
	(1123, 129, 698),
	(1125, 92, 700),
	(1126, 77, 695),
	(1127, 77, 694),
	(1128, 77, 692),
	(1130, 53, 701),
	(1131, 128, 702),
	(1132, 128, 703),
	(1133, 77, 380),
	(1134, 77, 636),
	(1135, 92, 519),
	(1136, 7, 704),
	(1137, 92, 705),
	(1138, 130, 706),
	(1139, 125, 672),
	(1145, 92, 586),
	(1146, 131, 707),
	(1147, 53, 680),
	(1148, 53, 699),
	(1149, 53, 682),
	(1150, 76, 708),
	(1151, 130, 696),
	(1154, 131, 554),
	(1155, 131, 685),
	(1156, 131, 686),
	(1157, 131, 676),
	(1158, 128, 710),
	(1159, 127, 710),
	(1162, 92, 711),
	(1163, 127, 712),
	(1164, 128, 712),
	(1167, 96, 714),
	(1168, 104, 715),
	(1172, 60, 719),
	(1173, 92, 720),
	(1174, 53, 721),
	(1175, 53, 722),
	(1178, 96, 554),
	(1179, 94, 554),
	(1180, 96, 725),
	(1181, 94, 725),
	(1185, 130, 726),
	(1186, 126, 606),
	(1187, 126, 517),
	(1188, 126, 466),
	(1189, 126, 467),
	(1190, 126, 468),
	(1191, 126, 526),
	(1192, 126, 522),
	(1193, 126, 534),
	(1194, 126, 506),
	(1195, 63, 435),
	(1196, 92, 661),
	(1197, 92, 689),
	(1198, 92, 693),
	(1199, 63, 481),
	(1200, 63, 487),
	(1201, 92, 603),
	(1202, 92, 684),
	(1203, 92, 718),
	(1204, 125, 504),
	(1205, 76, 709),
	(1206, 76, 713),
	(1207, 76, 724),
	(1208, 76, 716),
	(1209, 76, 717),
	(1210, 92, 723),
	(1211, 92, 669),
	(1212, 124, 354),
	(1213, 124, 366),
	(1214, 124, 371),
	(1215, 124, 372),
	(1216, 124, 376),
	(1219, 124, 417),
	(1220, 124, 423),
	(1221, 124, 434),
	(1222, 124, 434),
	(1223, 124, 439),
	(1224, 124, 443),
	(1225, 124, 443),
	(1226, 124, 447),
	(1227, 124, 452),
	(1228, 124, 453),
	(1229, 124, 454),
	(1230, 124, 458),
	(1231, 124, 460),
	(1232, 124, 460),
	(1233, 124, 440),
	(1234, 124, 465),
	(1235, 124, 470),
	(1236, 124, 474),
	(1237, 124, 483),
	(1238, 124, 484),
	(1239, 124, 490),
	(1240, 124, 491),
	(1241, 124, 493),
	(1242, 124, 494),
	(1243, 124, 496),
	(1244, 124, 497),
	(1245, 124, 498),
	(1246, 124, 501),
	(1247, 124, 502),
	(1248, 124, 504),
	(1249, 124, 504),
	(1250, 124, 518),
	(1251, 124, 518),
	(1252, 124, 523),
	(1253, 124, 598),
	(1254, 124, 608),
	(1255, 124, 614),
	(1256, 124, 614),
	(1257, 124, 616),
	(1258, 124, 617),
	(1259, 124, 619),
	(1260, 124, 619),
	(1261, 124, 625),
	(1262, 124, 625),
	(1263, 124, 629),
	(1264, 124, 630),
	(1265, 124, 631),
	(1266, 124, 632),
	(1267, 124, 633),
	(1268, 124, 634),
	(1269, 124, 637),
	(1270, 124, 637),
	(1271, 124, 639),
	(1272, 124, 639),
	(1273, 124, 640),
	(1274, 124, 640),
	(1275, 124, 642),
	(1276, 124, 653),
	(1277, 124, 655),
	(1278, 124, 656),
	(1279, 124, 656),
	(1280, 124, 657),
	(1281, 124, 657),
	(1282, 124, 422),
	(1283, 124, 666),
	(1284, 124, 666),
	(1285, 124, 674),
	(1286, 124, 677),
	(1287, 124, 679),
	(1288, 124, 681),
	(1289, 124, 683),
	(1290, 124, 672),
	(1291, 124, 691),
	(1292, 124, 697),
	(1293, 124, 700),
	(1294, 124, 519),
	(1295, 124, 705),
	(1296, 124, 586),
	(1297, 124, 711),
	(1298, 124, 720),
	(1299, 124, 661),
	(1300, 124, 689),
	(1301, 124, 693),
	(1302, 124, 603),
	(1303, 124, 684),
	(1304, 124, 718),
	(1305, 124, 723),
	(1306, 124, 669),
	(1307, 128, 727),
	(1308, 127, 727),
	(1309, 128, 728),
	(1310, 130, 728),
	(1311, 127, 728),
	(1312, 123, 614),
	(1313, 125, 614),
	(1314, 123, 504),
	(1315, 123, 474),
	(1316, 125, 474),
	(1317, 125, 493),
	(1318, 123, 493),
	(1319, 125, 498),
	(1320, 123, 498),
	(1321, 123, 603),
	(1322, 125, 603),
	(1323, 125, 491),
	(1324, 123, 491),
	(1325, 123, 653),
	(1326, 125, 653),
	(1327, 125, 657),
	(1328, 123, 657),
	(1329, 125, 655),
	(1330, 125, 711),
	(1331, 123, 711),
	(1332, 123, 672),
	(1333, 125, 669),
	(1334, 123, 669),
	(1335, 125, 637),
	(1336, 123, 637),
	(1337, 123, 640),
	(1338, 125, 640),
	(1339, 125, 683),
	(1340, 128, 729),
	(1341, 127, 729),
	(1342, 45, 730),
	(1343, 128, 731),
	(1344, 128, 732),
	(1345, 127, 732),
	(1346, 127, 731),
	(1347, 128, 733),
	(1348, 127, 733),
	(1349, 128, 734),
	(1350, 127, 734),
	(1351, 94, 735),
	(1352, 96, 737),
	(1353, 94, 737),
	(1354, 61, 647),
	(1355, 61, 704),
	(1356, 61, 719),
	(1357, 92, 738),
	(1358, 126, 739),
	(1359, 92, 740),
	(1360, 130, 706),
	(1361, 96, 742),
	(1362, 94, 742),
	(1364, 44, 743),
	(1365, 128, 744),
	(1366, 127, 744),
	(1367, 128, 745),
	(1368, 127, 745),
	(1369, 44, 746),
	(1370, 128, 747),
	(1371, 127, 747),
	(1372, 42, 743),
	(1374, 126, 748),
	(1375, 96, 749),
	(1376, 94, 749),
	(1377, 128, 750),
	(1378, 127, 750),
	(1379, 127, 751);
/*!40000 ALTER TABLE `ROLE_PERMISSION` ENABLE KEYS */;

-- Dumping structure for table ySmdjxnAyh.SECRET_KEY
CREATE TABLE IF NOT EXISTS `SECRET_KEY` (
  `ID` bigint(20) NOT NULL AUTO_INCREMENT,
  `KEY_STR` varchar(200) NOT NULL,
  `CREATED_TIME` timestamp NOT NULL DEFAULT CURRENT_TIMESTAMP ON UPDATE CURRENT_TIMESTAMP,
  `UPDATE_ID` varchar(100) DEFAULT NULL,
  `UPDATED_VERSION` bigint(20) NOT NULL DEFAULT '1',
  `EXPIRED_TIME` timestamp NULL DEFAULT NULL,
  `STATUS` tinyint(4) DEFAULT NULL,
  `destination` bigint(20) DEFAULT NULL,
  `source` bigint(20) DEFAULT NULL,
  PRIMARY KEY (`ID`),
  KEY `SECRET_KEY_FK` (`destination`),
  KEY `SECRET_KEY_source_IDX` (`source`,`destination`) USING BTREE,
  KEY `SECRET_KEY_sourceOnly_IDX` (`source`) USING BTREE,
  CONSTRAINT `SECRET_KEY_FK` FOREIGN KEY (`destination`) REFERENCES `SERVICE` (`id`),
  CONSTRAINT `SECRET_KEY_FK_1` FOREIGN KEY (`source`) REFERENCES `SERVICE` (`id`)
) ENGINE=InnoDB AUTO_INCREMENT=253 DEFAULT CHARSET=utf8;

-- Dumping data for table ySmdjxnAyh.SECRET_KEY: ~238 rows (approximately)
/*!40000 ALTER TABLE `SECRET_KEY` DISABLE KEYS */;
INSERT INTO `SECRET_KEY` (`ID`, `KEY_STR`, `CREATED_TIME`, `UPDATE_ID`, `UPDATED_VERSION`, `EXPIRED_TIME`, `STATUS`, `destination`, `source`) VALUES
	(13, 'khanhlv2093kasd', '2020-08-25 02:21:30', NULL, 1, NULL, 1, 1, 7),
	(14, 'khanhlv2093kasd', '2020-08-25 02:21:30', NULL, 1, NULL, 1, 7, 1),
	(15, 'khanhlv2093kasd', '2020-08-25 02:21:30', NULL, 1, NULL, 1, 1, 1),
	(16, 'khanhlv2093kasd', '2020-08-25 02:21:30', NULL, 1, NULL, 1, 61, 1),
	(17, 'khanhlv2093kasd', '2020-08-25 02:21:30', NULL, 1, NULL, 1, 1, 61),
	(18, 'khanhlv2093kasd', '2020-08-25 02:21:30', NULL, 1, NULL, 1, 1, 9),
	(19, 'khanhlv2093kasd', '2020-08-25 02:21:30', NULL, 2, NULL, 0, 9, 1),
	(20, 'khanhlv2093kasd', '2020-08-25 02:21:30', NULL, 1, NULL, 1, 71, 7),
	(21, 'khanhlv2093kasd', '2020-08-26 09:57:54', NULL, 1, NULL, 1, 76, 7),
	(22, 'khanhlv2093kasd', '2020-08-25 02:21:30', NULL, 1, NULL, 1, 72, 7),
	(23, 'khanhlv2093kasd', '2020-08-25 02:21:30', NULL, 1, NULL, 1, 7, 72),
	(24, 'khanhlv2093kasd', '2020-08-25 02:21:30', NULL, 1, NULL, 1, 5, 1),
	(25, 'khanhlv2093kasd', '2020-08-25 02:21:30', NULL, 1, NULL, 1, 1, 5),
	(26, 'khanhlv2093kasd', '2020-08-25 02:21:30', NULL, 1, NULL, 1, 1, 8),
	(27, 'khanhlv2093kasd', '2020-08-25 02:21:30', NULL, 2, NULL, 0, 8, 1),
	(28, 'MQyPx7xyBjeCYWISfg76E5jWrylFZsebm22v1598503751416', '2020-08-28 10:24:40', NULL, 0, '2021-12-27 11:48:36', 1, 7, 7),
	(29, 'MQyPx7xyBjeCYWISfg76E5jWrylFZsebm22v1598503751416123', '2020-08-27 04:49:09', NULL, 0, '2021-12-27 11:48:36', 1, 82, 1),
	(30, 'MQyPx7xyBjeCYWISfg76E5jWrylFZsebm22v1598503751416123', '2020-08-27 04:49:09', NULL, 0, '2021-12-27 11:48:36', 1, 1, 82),
	(31, 'MQyPx7xyBjeCYWISfg76E5jWrylFZsebm22v1598503751416123', '2020-08-31 01:57:32', NULL, 0, NULL, 1, 1, 12),
	(32, 'MQyPx7xyBjeCYWISfg76E5jWrylFZsebm22v1598503751416123', '2020-09-16 05:34:20', NULL, 1, NULL, 1, 12, 1),
	(33, 'MQyPx7xyBjeCYWISfg76E5jWrylFZsebm22v1598503751416123', '2020-08-31 01:57:32', NULL, 0, NULL, 1, 7, 9),
	(34, 'MQyPx7xyBjeCYWISfg76E5jWrylFZsebm22v1598503751416123', '2020-08-31 01:57:32', NULL, 0, NULL, 1, 9, 7),
	(35, 'MQyPx7xyBjeCYWISfg76E5jWrylFZsebm22v1598503751416123', '2020-08-31 01:57:32', NULL, 0, NULL, 1, 9, 5),
	(36, 'MQyPx7xyBjeCYWISfg76E5jWrylFZsebm22v1598503751416123', '2020-08-31 01:57:32', NULL, 0, NULL, 1, 1, 4),
	(37, 'MQyPx7xyBjeCYWISfg76E5jWrylFZsebm22v1598503751416123', '2020-08-31 01:57:32', NULL, 1, NULL, 0, 4, 1),
	(38, '25Rhew==1599142672444', '2020-09-03 14:17:52', NULL, 6, NULL, 1, 4, 1),
	(39, '6/8=1599184706977', '2020-09-04 01:58:26', NULL, 0, '2020-09-03 07:00:00', 1, 17, 1),
	(40, '7tqgVNN3zyANaZs38COJPtm0fAso9kw=1599184752034', '2020-09-04 01:59:12', NULL, 0, '2020-09-02 07:00:00', 1, 17, 1),
	(41, '1599185109681', '2020-09-04 02:05:09', NULL, 0, '2020-09-01 07:00:00', 1, 17, 1),
	(42, 'aQT61599185485845', '2020-09-04 02:11:25', NULL, 1, '2020-09-19 07:00:00', 0, 17, 1),
	(43, '1dS1loiDOC6nPBnNMgM=1599185776146', '2020-09-04 02:16:16', NULL, 1, '2020-10-17 07:00:00', 0, 17, 1),
	(44, 'kI7d4Xmj4UAkRcW3vYv/GQ93Ax+7fN/TGV1sKQ==1599186022737', '2020-09-04 02:20:22', NULL, 1, '2020-09-27 07:00:00', 0, 17, 1),
	(45, 'KBUadKpVmj0=1599186061305', '2020-09-04 02:21:01', NULL, 0, '2020-09-10 07:00:00', 1, 12, 2),
	(46, 'VDaxeL2/nKNNZNzYEvXQ1599189232833', '2020-09-04 03:13:52', NULL, 1, NULL, -1, 1, 17),
	(48, 'faB6AHwGi/XAtjAkp1kmRA==1599189350610', '2020-09-04 03:15:50', NULL, 1, '2020-09-30 07:00:00', 0, 17, 2),
	(49, 'klkdAES/zj9266XIaoFqxpTPKwaRfO3vGJ+C6n8=1599189393896', '2020-09-04 03:16:33', NULL, 1, '2020-10-25 07:00:00', 0, 17, 1),
	(50, 'QND1ZwwtuijVrm2eSfOTqw==1599189541403', '2020-09-04 03:19:01', NULL, 0, '2020-09-08 07:00:00', 1, 17, 2),
	(51, '0Vpd5kvbWkjDfEYYV5AfAomm6UypVGPh1599189632586', '2020-09-04 03:20:32', NULL, 1, '2020-09-29 07:00:00', 0, 17, 1),
	(52, 'yvnzfsWjcAoAaCjyoTqpFGBRdME=1599191351648', '2020-09-04 03:49:11', NULL, 1, '2020-09-10 07:00:00', 1, 4, 1),
	(53, '3WY=1599191381942', '2020-09-04 03:49:41', NULL, 1, NULL, 1, 8, 1),
	(54, 'vQgiz45Pk3dZUcl48A==1599192419092', '2020-09-04 04:06:59', NULL, 1, '2020-09-10 07:00:00', 1, 8, 2),
	(55, 'D2TcgfNpXUNvbuBXLaRs75xQf/vaKmAt8N4=1599192444454', '2020-09-04 04:07:24', NULL, 1, '2020-09-11 07:00:00', 0, 12, 6),
	(56, '0xOK/OXHC7LieZiAc73YfApkQtOzlco=1599192487871', '2020-12-14 01:49:41', NULL, 0, NULL, 1, 9, 1),
	(57, 'U6ZOMiuMSz2T9jilLOBK1599192527444', '2020-09-04 04:08:47', NULL, 0, '2020-09-09 07:00:00', 1, 12, 6),
	(58, '+db6FERP5DZwdUxp72E/cGXO5udN1599193337889', '2020-09-04 04:22:17', NULL, 0, '2020-09-08 07:00:00', 1, 6, 1),
	(59, 'qsn8ALWGkNZ9t2ohAqcW0dgQJae2tw==1599193608928', '2020-09-04 04:26:48', NULL, 0, '2020-09-08 07:00:00', 1, 17, 1),
	(60, 'lJMDggV/CCOl9cwKtnE=1599193679716', '2020-09-04 04:27:59', NULL, 2, '2020-10-24 07:00:00', -1, 96, 2),
	(61, 'QUWN0LGlXRzdyU2bw7RT/zDL19O+15wgdw==1599193705431', '2020-09-04 04:28:25', NULL, 1, '2020-09-05 07:00:00', -1, 96, 1),
	(62, 'BTtpF6acpuXUiU8xFQ==1599193778277', '2020-09-04 04:29:38', NULL, 3, '2020-09-10 07:00:00', -1, 97, 96),
	(63, 'FsZwXcPTINZ9rUytSX3a/Gk=1599193874925', '2020-09-04 04:31:14', NULL, 2, '2020-09-17 07:00:00', -1, 97, 96),
	(64, 'FeOcWg==1599193966659', '2020-09-04 04:32:46', NULL, 2, '2020-09-09 07:00:00', -1, 97, 96),
	(65, 'aanhsrov0rB1Pa6QFefRjC8+4mgqYdqel9wONg==1599194078247', '2020-09-04 04:34:38', NULL, 3, '2020-09-09 07:00:00', -1, 97, 96),
	(66, 'm3Jc1HvMykhqXg==1599194095584', '2020-09-04 04:34:55', NULL, 3, '2020-09-10 07:00:00', -1, 97, 96),
	(67, 'M9DvlQHo1599194175543', '2020-09-04 04:36:15', NULL, 2, '2020-09-11 07:00:00', -1, 97, 97),
	(68, '1X/IE1ik4d2x7dt7me7yJstly+8=1599194292822', '2020-09-04 04:38:12', NULL, 3, '2020-09-06 07:00:00', -1, 97, 96),
	(69, 'd7vadHAZDuXQYC4+MJGAnkc=1599194360918', '2020-09-04 04:39:20', NULL, 2, NULL, -1, 97, 96),
	(70, 'MW+ikrmmG9ur8fov4FePm0A=1599194396826', '2020-09-04 04:39:56', NULL, 1, NULL, -1, 97, 96),
	(71, '9qVMRw9SkzNBEMWrFXj3CbA01599195221948', '2020-09-04 04:53:41', NULL, 2, '2020-09-18 07:00:00', -1, 97, 96),
	(72, 'c3bsSfy6qo411599195240353', '2020-09-04 04:54:00', NULL, 2, '2020-09-11 07:00:00', -1, 97, 82),
	(73, 'ytRkrgf1cF+qeXGfpdY7vWMGW/IEdnM=1599195308785', '2020-09-04 04:55:08', NULL, 1, '2020-09-08 07:00:00', -1, 97, 4),
	(74, 'gfyLLCA=1599195328214', '2020-09-04 04:55:28', NULL, 1, '2020-10-17 07:00:00', -1, 82, 9),
	(75, 'bA==1599195391670', '2020-09-04 04:56:31', NULL, 2, '2020-09-09 07:00:00', -1, 97, 96),
	(76, 'WsEP1599195464320', '2020-09-04 04:57:44', NULL, 2, '2020-09-20 07:00:00', -1, 97, 1),
	(77, 'gg==1599195575366', '2020-09-04 04:59:35', NULL, 2, '2020-09-11 07:00:00', -1, 97, 1),
	(78, 'u8Bpj54=1599195598921', '2020-09-04 04:59:58', NULL, 1, '2020-09-27 07:00:00', -1, 96, 76),
	(79, 'az2cPEByjSw=1599196284929', '2020-09-04 05:11:24', NULL, 1, '2020-09-06 07:00:00', -1, 97, 74),
	(80, 'cbICo9B5lD4=1599196338855', '2020-09-04 05:12:18', NULL, 2, '2020-09-18 07:00:00', -1, 97, 82),
	(81, 'ESfEFeGSfcsHhDVn70InSfhAg/E5AmcoicmF5g==1599196344782', '2020-09-04 05:12:24', NULL, 2, NULL, -1, 7, 82),
	(82, 'VUgjN6geI3/HTSg=1599196376883', '2020-09-04 05:12:56', NULL, 2, '2020-09-11 07:00:00', -1, 7, 82),
	(83, 'FYEYDsCQGE6VXCgSNj5opyCY5enqkugCj3kA1599196382772', '2020-09-04 05:13:02', NULL, 2, '2020-09-11 07:00:00', -1, 7, 82),
	(84, '6OfmxA==1599196402469', '2020-09-04 05:13:22', NULL, 2, NULL, -1, 7, 82),
	(85, '4xElPYjTo5VFkds1IZA=1599196404373', '2020-09-04 05:13:24', NULL, 1, NULL, -1, 7, 82),
	(86, 'mRAgNkOQVuDUb5izTd8=1599200906633', '2020-09-04 06:28:26', NULL, 1, NULL, -1, 82, 76),
	(87, 'MBZH8EREqoA=1599200985052', '2020-09-04 06:29:45', NULL, 2, NULL, -1, 97, 1),
	(88, 'RA7487/R1599200997320', '2020-09-04 06:29:57', NULL, 3, '2020-09-18 07:00:00', -1, 97, 1),
	(89, 'ewzPc/HoSqZGqfzaaisPAhJrdR2HrDK1pXabdA==1599201057212', '2020-09-04 06:30:57', NULL, 1, NULL, -1, 71, 76),
	(90, 'PJNn1599202076213', '2020-09-04 06:47:56', NULL, 1, NULL, -1, 97, 96),
	(91, '9xV/x/mgHh7I1599202089256', '2020-09-04 06:48:09', NULL, 1, NULL, -1, 97, 2),
	(92, 'S1fjhIgAJ7jUhS72dLayOnzEJZIRc0y/pQ6s/A==1599202131527', '2020-09-04 06:48:51', NULL, 3, '2020-10-11 07:00:00', -1, 97, 1),
	(93, 'ZBmJD2Qk74ZdFaHKeUdR1599202162151', '2020-09-04 06:49:22', NULL, 3, '2020-09-18 07:00:00', -1, 97, 1),
	(94, 'Mg==1599202354861', '2020-09-04 06:52:34', NULL, 2, '2020-09-20 07:00:00', -1, 97, 1),
	(95, '2WdkYkZNsBcP9c2gfsQm1599204384127', '2020-09-04 07:26:24', NULL, 2, NULL, -1, 97, 1),
	(96, 'WRL8HXFvp2vp9UYzLHf8HwfO28PF53XXiKVeXA==1599204746101', '2020-09-04 07:32:26', NULL, 1, NULL, -1, 71, 97),
	(97, 'KL4LCEhqxzEaF+/S+HJxkTN2yFIVu17ix2GfV+I=1599205347656', '2020-09-04 07:42:27', NULL, 2, '2020-09-18 07:00:00', -1, 97, 1),
	(98, 'X/AEkoU7SonM3J3Y/g==1599206238433', '2020-09-04 07:57:18', NULL, 1, '2020-09-17 07:00:00', -1, 97, 7),
	(99, 'SQhERb3waohyuvCwHKCj1g==1599206610659', '2020-09-04 08:03:30', NULL, 2, '2020-09-05 07:00:00', -1, 97, 1),
	(100, 'cLNSmkSx5q5KgVnF+mQfVWC6b7ZHuNA=1599206796856', '2020-09-04 08:06:36', NULL, 1, '2020-09-13 07:00:00', -1, 97, 1),
	(101, 't2hGuOw=1599206827282', '2020-09-04 08:07:07', NULL, 1, '2020-09-12 07:00:00', -1, 96, 74),
	(102, 'LpRJD7MOapnm1599206890812', '2020-09-04 08:08:10', NULL, 1, '2020-09-08 07:00:00', -1, 74, 4),
	(103, 'OvPFD9Efqo+kUO89BTwaZ/f7Yrg8qXp11599207680224', '2020-09-04 08:21:20', NULL, 3, '2020-12-12 07:00:00', -1, 74, 96),
	(104, 'KG765no9hAy3tC+QhWg2+uDtxwxNIY/tdropZQ==1599209464335', '2020-09-04 08:51:04', NULL, 2, '2020-09-12 07:00:00', -1, 2, 96),
	(105, 'X3etib/r+Yk4T9nQX/qfJu8=1599209485975', '2020-09-04 08:51:25', NULL, 2, '2020-09-19 07:00:00', -1, 97, 96),
	(106, 'dRTo1Q==1599209497823', '2020-09-04 08:51:37', NULL, 2, '2020-09-20 07:00:00', -1, 97, 96),
	(107, 'sd4VHMaMn39h1599209562876', '2020-09-04 08:52:42', NULL, 4, '2020-09-11 07:00:00', -1, 97, 96),
	(108, 'wMiIZMWE5kRD6by1RYflruWoHkxJQg==1599210620628', '2020-09-04 09:10:20', NULL, 2, NULL, -1, 97, 96),
	(109, 'eJ+Z94uRpHPe0Mwmye6YjdWE21wTUCgjIrbRNQ==1599211968203', '2020-09-04 09:32:48', NULL, 7, '2020-09-06 07:00:00', -1, 97, 1),
	(110, '/5KH+MO3MITR1599212997172', '2020-09-04 09:49:57', NULL, 2, '2020-09-19 07:00:00', -1, 97, 96),
	(111, 'EBMNb6jkCXhqtQ==1599213041336', '2020-09-04 09:50:41', NULL, 2, '2020-09-27 07:00:00', -1, 97, 96),
	(112, 'OET8sddDWbqzHg==1599213098907', '2020-09-04 09:51:38', NULL, 2, '2020-09-20 07:00:00', -1, 97, 96),
	(113, 'xt7449suL7Ppudk=1599213244523', '2020-09-04 09:54:04', NULL, 2, '2020-09-12 07:00:00', -1, 96, 97),
	(114, 'SZbgFvv7C2WWzv4Je5MIvvM2Yw==1599213244975', '2020-09-04 09:54:04', NULL, 2, '2020-09-13 07:00:00', -1, 96, 97),
	(115, 'BBQR2/VJeCki7x24UqIfCLqaoKHOfYAK1599213313326', '2020-09-04 09:55:13', NULL, 2, '2020-09-13 07:00:00', -1, 97, 96),
	(116, 'XaJ4Lb8Uk4xAtargVsq8A6Ly/nPBhQ==1599213343359', '2020-09-04 09:55:43', NULL, 1, '2020-09-26 07:00:00', -1, 97, 96),
	(117, 'pBhmctz8BtOBsKW1xzSl1599393032114', '2020-09-06 11:50:32', NULL, 5, '2020-10-11 07:00:00', -1, 97, 96),
	(118, 'QgE8dww2qFPMoBZe1599393068734', '2020-09-06 11:51:08', NULL, 1, '2020-10-11 07:00:00', -1, 97, 96),
	(119, 'Cia0gbr7jrObQkDoGCOyXg==1599393301416', '2020-09-06 11:55:01', NULL, 2, '2020-10-01 07:00:00', -1, 97, 96),
	(120, '4r97ubVVFNQg1599460886741', '2020-09-07 06:41:26', NULL, 4, NULL, -1, 96, 97),
	(121, '1599461392447', '2020-09-07 06:49:52', NULL, 13, NULL, -1, 97, 96),
	(122, 'msgsdontdelete', '2020-09-04 02:11:25', NULL, 1, NULL, 1, 12, 76),
	(123, 'testtopicadfafdag', '2020-09-08 01:51:51', NULL, 1, NULL, 1, 98, 12),
	(124, 'testtopicadfafdag', '2020-09-08 01:51:51', NULL, 1, NULL, 1, 99, 12),
	(125, 'testtopicadfafdag', '2020-09-08 01:51:51', NULL, 1, NULL, 1, 101, 12),
	(126, 'testtopicadfafdag', '2020-09-08 01:51:51', NULL, 1, NULL, 1, 102, 12),
	(127, '1i6M9lwPpsCxkaISIWxU1599539422707', '2020-09-08 04:30:22', NULL, 6, NULL, -1, 104, 96),
	(128, 'W1Ylw/cS1599540332128', '2020-09-08 04:45:32', NULL, 3, NULL, -1, 97, 104),
	(129, 'CDS/nYCk/gCFwgrpPMc=1599548197379', '2020-09-08 06:56:37', NULL, 1, '2020-09-11 07:00:00', -1, 5, 104),
	(130, 'W8bqX4Jk8tAHuJ2krA==1599548246322', '2020-09-08 06:57:26', NULL, 6, '2020-09-18 00:00:00', -1, 97, 96),
	(131, 'I7e/0zTiaJeeg4dI5w==1599549137214', '2020-09-08 07:12:17', NULL, 2, '2020-09-27 07:00:00', -1, 104, 96),
	(132, 'wTS3Xfjfh2MwgrY4/r8=1599553750727', '2020-09-08 08:29:10', NULL, 3, NULL, -1, 104, 96),
	(133, 'ePNNhHvi1599553997898', '2020-09-08 08:33:17', NULL, 4, '2020-09-26 00:00:00', -1, 97, 104),
	(134, 'Kpigq02IhbztFzw5nHH/bUQrh3GZOcTVuiE=1599554041639', '2020-09-08 08:34:01', NULL, 4, '2020-09-17 00:00:00', -1, 5, 104),
	(135, 'EjLSH1h3LisJWD1t9z4=1599554125617', '2020-09-08 08:45:39', NULL, 7, '2020-09-19 00:00:00', -1, 5, 104),
	(136, '5q997Qk=1599555324197', '2020-09-08 08:55:24', NULL, 2, '2020-09-24 00:00:00', -1, 1, 104),
	(137, '1OOEvEYba67GV3ms++mJNNbdMw==1599555324784', '2020-09-08 08:55:24', NULL, 2, '2020-09-24 00:00:00', -1, 1, 104),
	(138, 'LUeZAyF99G+B6bo73/4tlDeUIlY=1599556329549', '2020-09-08 09:12:09', NULL, 2, '2020-09-27 00:00:00', 0, 96, 1),
	(139, 'tv6n/+xbdDv2ZwlpMui1d2yRJHNQIeDH6A==1599556600687', '2020-09-08 09:16:40', NULL, 2, NULL, -1, 96, 104),
	(140, 'psCEim+js84Xr00=1599616439365', '2020-09-09 01:53:59', NULL, 1, '2020-09-17 00:00:00', -1, 97, 103),
	(141, 'ewhxS1x2r/2StEWcGpIxAVEjEcEsazIPep+yaMQ=1599616726533', '2020-09-09 01:58:46', NULL, 13, NULL, -1, 97, 104),
	(142, 'eBQBJUOIzOhYsjCcKNCNrwcROLn0kPE=1599625095475', '2020-09-09 04:18:15', NULL, 1, '2020-09-18 00:00:00', -1, 97, 96),
	(143, 'MQyPx7xyBjeCYWISfg76E5jWrylFZsebm22v1598503751416123', '2020-09-10 03:05:57', NULL, 0, NULL, 1, 105, 1),
	(144, 'MQyPx7xyBjeCYWISfg76E5jWrylFZsebm22v1598503751416123', '2020-09-10 03:05:57', NULL, 0, NULL, 1, 1, 105),
	(145, 'MQyPx7xyBjeCYWISfg76E5jWrylFZsebm22v1598503751416123', '2020-09-10 03:05:57', NULL, 0, NULL, 1, 106, 1),
	(146, 'MQyPx7xyBjeCYWISfg76E5jWrylFZsebm22v1598503751416123', '2020-09-10 03:05:57', NULL, 0, NULL, 1, 1, 106),
	(147, 'MQyPx7xyBjeCYWISfg76E5jWrylFZsebm22v1598503751416123', '2020-09-10 03:05:57', NULL, 0, NULL, 1, 9, 106),
	(148, 'MQyPx7xyBjeCYWISfg76E5jWrylFZsebm22v1598503751416123', '2020-09-10 03:05:57', NULL, 0, NULL, 1, 12, 107),
	(149, 'MQyPx7xyBjeCYWISfg76E5jWrylFZsebm22v1598503751416123', '2020-09-10 03:05:57', NULL, 0, NULL, 1, 12, 7),
	(150, 'MQyPx7xyBjeCYWISfg76E5jWrylFZsebm22v1598503751416123', '2020-09-10 03:05:57', NULL, 0, NULL, 1, 98, 7),
	(151, 'MQyPx7xyBjeCYWISfg76E5jWrylFZsebm22v1598503751416123', '2020-09-10 03:05:57', NULL, 0, NULL, 1, 101, 7),
	(152, 'MQyPx7xyBjeCYWISfg76E5jWrylFZsebm22v1598503751416123', '2020-09-10 03:05:57', NULL, 2, NULL, 1, 5, 105),
	(153, 'MQyPx7xyBjeCYWISfg76E5jWrylFZsebm22v1598503751416123', '2020-09-10 03:05:57', NULL, 0, NULL, 1, 98, 106),
	(155, 'MQyPx7xyBjeCYWISfg76E5jWrylFZsebm22v1598503751416123', '2020-09-10 03:05:57', NULL, 0, NULL, 1, 12, 106),
	(156, 'MQyPx7xyBjeCYWISfg76E5jWrylFZsebm22v1598503751416123', '2020-09-10 03:05:57', NULL, 0, NULL, 1, 106, 107),
	(157, '04fPELMN5ZJuM5wGOEn1+AYbOe7wKFOJ1600081292463', '2020-09-14 11:01:32', NULL, 1, '2020-09-19 00:00:00', -1, 97, 96),
	(158, '04fPELMN5ZJuM5wGOEn1+AYbOe7wKFOJ1600081292463', '2020-09-15 03:10:35', NULL, 3, '2020-09-19 00:00:00', -1, 5, 105),
	(159, 'dgqXSd/PvfOm5j0=1600157243112', '2020-09-15 08:07:23', NULL, 2, '1970-01-01 07:00:00', 0, 97, 96),
	(160, 'MQyPx7xyBjeCYWISfg76E5jWrylFZsebm22v1598503751416123', '2020-09-10 03:05:57', NULL, 1, NULL, 0, 12, 5),
	(161, 'MQyPx7xyBjeCYWISfg76E5jWrylFZsebm22v1598503751416123', '2020-09-10 03:05:57', NULL, 1, NULL, 0, 98, 5),
	(162, 'exzPh4wJNYI=1600249875876', '2020-09-16 09:51:15', NULL, 1, '2020-09-27 12:00:00', -1, 97, 96),
	(163, 'q6eE/Rf/BPlpJg==1600251065401', '2020-09-16 10:11:05', NULL, 0, '1970-01-01 07:00:00', 1, 97, 96),
	(164, 'wc1spu7TfzQ5I2he6q5KMQ==1600251210573', '2020-09-16 10:13:30', NULL, 0, '1970-01-01 07:00:00', 1, 97, 96),
	(165, 'jSf14KI8UP7PzbEhDdbE1W8HuvfqWT76VgIhJYk=1600251355299', '2020-09-16 10:15:55', NULL, 1, '2020-10-18 12:00:00', -1, 97, 96),
	(166, 'A0YDa8SvuYUREHF4mJ2/iA==1600252554186', '2020-09-16 10:35:54', NULL, 1, '2020-09-27 12:00:00', -1, 82, 97),
	(167, 'sTZgFAluHWWMwRStSrqXYoghqFAHVQdTqREHuw==1600307615741', '2020-09-17 01:53:35', NULL, 2, '2020-09-27 12:00:00', -1, 108, 96),
	(168, 'iGX9w/I0CA==1600307681421', '2020-09-17 01:54:41', NULL, 2, '2020-09-26 12:00:00', -1, 108, 96),
	(169, 'fUkz1DPZllk8ApbdnGLbFeTX1600307818567', '2020-09-17 01:56:58', NULL, 2, NULL, -1, 108, 96),
	(170, 'iyUu50K2MhMSWwIEgbXlyQLD1600308008641', '2020-09-17 02:00:08', NULL, 1, NULL, -1, 108, 96),
	(171, 'flA=1600308145863', '2020-09-17 02:02:25', NULL, 2, '2020-09-27 12:00:00', -1, 5, 108),
	(172, 'wEG4kQbnz5voDM5pdPgEuYg9y+sh1f2M7EYDTlI=1600308180437', '2020-09-17 02:03:00', NULL, 2, NULL, -1, 108, 96),
	(173, 'E99GVirLGjKRfQ==1600308193144', '2020-09-17 02:03:13', NULL, 1, NULL, -1, 108, 96),
	(174, 'QqpssOXVbrBGPNhEPagz0I9suL7DJixlJQ==1600309111609', '2020-09-17 02:18:31', NULL, 1, NULL, -1, 108, 96),
	(175, '9ugVlfoMf4uKQVCvR2tqXrN6GiUnXasrirQS5rw=1600309671249', '2020-09-17 02:27:51', NULL, 5, NULL, -1, 108, 96),
	(176, 'EegoJexZKo6SBr/0SD381I5NxUcAtKLwiA4dKw==1600310476012', '2020-09-17 02:41:16', NULL, 2, NULL, -1, 97, 96),
	(177, 'GkVCT6zN0sqe3RB9JheN9c0h1600310515195', '2020-09-17 02:41:55', NULL, 1, NULL, -1, 97, 96),
	(178, 'tveX1600311897140', '2020-09-17 03:04:57', NULL, 11, NULL, -1, 108, 96),
	(179, 'x0vL9DM1Btqpr/7tlQ==1600313652673', '2020-09-17 03:34:12', NULL, 5, '2020-11-29 12:00:00', -1, 108, 96),
	(180, 'Q1ZesefYI3XlGhtt4Aox5m8k+iWZZQA=1600313671131', '2020-09-17 03:34:31', NULL, 2, '2020-09-27 12:00:00', -1, 108, 96),
	(181, 'Rxr0UpsY9zuu+g==1600313769527', '2020-09-17 03:36:09', NULL, 3, '2020-09-27 12:00:00', 1, 108, 6),
	(182, 'VEaJ2THWpAUPRuWVQyYEVsLfL8wVwLw8IHDptw==1600763041347', '2020-09-22 08:24:01', NULL, 2, NULL, -1, 96, 108),
	(183, 'CYgO+yaeaMvJQHhBWWukIzg/y017vZezV0xf1600936672480', '2020-09-24 08:37:52', NULL, 2, NULL, -1, 108, 96),
	(184, 'aCH/5jDxlRCOdw==1600936692976', '2020-09-24 08:38:12', NULL, 1, '2020-10-16 12:00:00', -1, 108, 96),
	(185, 'bqPF2hw=1600937650744', '2020-09-24 08:54:10', NULL, 2, '2020-09-30 12:00:00', -1, 108, 96),
	(186, 'dyZr1600937651286', '2020-09-24 08:54:11', NULL, 2, '2020-09-30 12:00:00', -1, 108, 96),
	(187, 'vqSqZXjl4Q==1600937989648', '2020-09-24 08:59:49', NULL, 2, '2020-10-24 12:00:00', -1, 108, 96),
	(188, 'T4LVa2kGc8+lcKJcOLo2Fw==1600938144468', '2020-09-24 09:02:24', NULL, 2, '2020-11-28 12:00:00', -1, 108, 96),
	(189, 'Kpd5mJncSOaH8Lh6CmxzSw==1600938617786', '2020-09-24 09:10:17', NULL, 2, '2020-12-28 12:00:00', -1, 108, 96),
	(190, 'inH6ZK7n/7zIh1q1JdtFcoBV1600938640798', '2020-09-24 09:10:40', NULL, 1, '2021-01-30 12:00:00', -1, 108, 96),
	(191, 'gm2/wwimnScsoB3O6zo5OnmN1600938776870', '2020-09-24 09:12:56', NULL, 1, '2020-09-30 12:00:00', -1, 96, 108),
	(192, 'yW2dN2wrZw==1601259631872', '2020-09-28 02:20:31', NULL, 2, NULL, -1, 97, 96),
	(193, 'iQ==1601261009808', '2020-09-28 02:43:29', NULL, 2, '2020-10-30 12:00:00', -1, 97, 96),
	(194, 'EOFAygjZLXa2irjMTH6oVTdlXL1RG2MKjEkT1601374130412', '2020-09-29 10:08:50', NULL, 0, NULL, 1, 105, 5),
	(195, 'zXmx7qcE5OlD1601375133433', '2020-09-29 10:25:33', NULL, 0, NULL, 1, 9, 105),
	(196, 'dt8e4exa1602576262043', '2020-10-13 08:04:22', NULL, 2, NULL, -1, 1, 112),
	(197, 'F4LKfpMrjyXrVdj/1602576270196', '2020-10-13 08:04:30', NULL, 1, NULL, 0, 112, 1),
	(198, 'uWTodzDrlIl/Y7bFc+dfMTzxwlfExEeypCEW1602657396136', '2020-10-14 06:36:36', NULL, 0, NULL, 1, 98, 5),
	(199, '3ykPcbryBK78Fh3/KfIi8w==1602657427165', '2020-10-14 06:37:07', NULL, 0, NULL, 1, 101, 5),
	(200, 'J07zdDdF1602657441989', '2020-10-14 06:37:21', NULL, 0, NULL, 1, 12, 5),
	(201, '1602659111794', '2020-10-14 07:05:11', NULL, 0, NULL, 1, 114, 12),
	(202, 'c6Q7eXqLpz5xkA46GuNcYqarSyaq6tSa1602659124152', '2020-10-14 07:05:24', NULL, 0, NULL, 1, 113, 12),
	(203, 'B7DOqurcxwEsdcxz9ixi1w==1602659134728', '2020-10-14 07:05:34', NULL, 0, NULL, 1, 113, 5),
	(204, 'Qn8qndY=1602660587036', '2020-10-14 07:29:47', NULL, 0, NULL, 1, 113, 7),
	(205, 'Ccg4fCRD8YbxLpY=1602726959958', '2020-10-15 01:55:59', NULL, 0, NULL, 1, 1, 111),
	(206, '74vhNEg=1602726978215', '2020-10-15 01:56:18', NULL, 0, NULL, 1, 111, 1),
	(207, 'D4xdFzPQ9o8xKe8QZH7aT+s4AS2grA==1602734992660', '2020-10-15 04:09:52', NULL, 0, NULL, 1, 1, 112),
	(208, 'QtdwX9T11602735003836', '2020-10-15 04:10:03', NULL, 0, NULL, 1, 112, 1),
	(209, 'few7qBpDQqor0XWacmDIWeAyN4Himes=1602840352119', '2020-10-16 09:25:52', NULL, 0, NULL, 1, 1, 116),
	(210, '1602840364045', '2020-10-16 09:26:04', NULL, 0, NULL, 1, 116, 1),
	(211, 'jFRsYZk8o7cU1603082496923', '2020-10-19 04:41:36', NULL, 0, NULL, 1, 117, 5),
	(212, 'Ze8E/Mx/C7sr+ozlVRfg8EEw0tnJYhsLt5gu1603082507332', '2020-10-19 04:41:47', NULL, 2, NULL, -1, 118, 5),
	(213, '1603082577836', '2020-10-19 04:42:57', NULL, 0, NULL, 1, 113, 119),
	(214, 'CmSiJDOfNgQ5lqbx4RBQhGjC1603092674211', '2020-10-19 07:31:14', NULL, 0, NULL, 1, 12, 112),
	(215, 'uxE/NoqsspVdukGRU2Np6a4=1603092693310', '2020-10-19 07:31:33', NULL, 0, NULL, 1, 113, 112),
	(216, 'DbXU1603256172621', '2020-10-21 04:56:12', NULL, 0, NULL, 1, 117, 119),
	(217, 'q8/cG6Xi1603256193841', '2020-10-21 04:56:33', NULL, 0, NULL, 1, 118, 5),
	(218, 'YQ==1603330251333', '2020-10-22 01:30:51', NULL, 0, NULL, 1, 120, 112),
	(219, 'lKm5XmPRsN0pyWIf57kzObU=1603330260438', '2020-10-22 01:31:00', NULL, 0, NULL, 1, 121, 112),
	(220, 'n3cYa43s1604630376193', '2020-11-06 09:39:36', NULL, 0, NULL, 1, 105, 111),
	(221, 'HLPV1604651962125', '2020-11-06 15:39:22', NULL, 0, NULL, 1, 112, 107),
	(222, 'gLs=1604905011540', '2020-11-09 13:56:52', NULL, 0, NULL, 1, 111, 105),
	(223, 'S7XUIaSgoptRKV6OTk3k+AWQlA==1605085949330', '2020-11-11 16:12:29', NULL, 1, NULL, -1, 12, 122),
	(224, 'n1vlY9I1KQffdQEtshJOlA==1605090930501', '2020-11-11 17:35:31', NULL, 2, NULL, -1, 12, 122),
	(225, 'Y1u3BFiyGof4vCdGarYli7liWdA=1605108908145', '2020-11-11 22:35:08', NULL, 0, NULL, 1, 12, 122),
	(226, 'RkEuVYLAnkEzE3SI6RSB3dEN1605581650634', '2020-11-17 09:54:11', NULL, 0, NULL, 1, 12, 111),
	(227, 'YzfEzqWPmF56bv/1/58brQ==1606113912865', '2020-11-23 13:45:13', NULL, 0, NULL, 1, 1, 123),
	(228, 'YYhXlJjQQqIx1qn9/eMMdxEPAaZ01606113922506', '2020-11-23 13:45:23', NULL, 1, NULL, 0, 123, 1),
	(229, 'WQg=1606115232768', '2020-11-23 14:07:13', NULL, 0, NULL, 1, 125, 5),
	(230, 'QESCHggfdt9F7sd8xoY4N/LxWzFiXask1606115252875', '2020-11-23 14:07:33', NULL, 0, NULL, 1, 124, 119),
	(231, 'f1FaGEW4zhjIfGo=1606186520392', '2020-11-24 09:55:20', NULL, 0, NULL, 1, 1, 126),
	(232, 'lgA=1606186532440', '2020-11-24 09:55:32', NULL, 0, NULL, 1, 126, 1),
	(233, '3tv0SytulQ==1606206620599', '2020-11-24 15:30:21', NULL, 0, NULL, 1, 129, 5),
	(234, 'khjBkjE1hvWwtA==1606206633681', '2020-11-24 15:30:34', NULL, 0, NULL, 1, 128, 119),
	(235, '1606300214761', '2020-11-25 17:30:15', NULL, 0, NULL, 1, 9, 112),
	(236, '2vPs7jfwqR8ibqUSbmfqfZ4=1606891254304', '2020-12-02 13:40:54', NULL, 1, NULL, -1, 1, 130),
	(237, 'v/0JJWnDw/dHBKIQZTRAqtB3occhV9kCHP7utA==1606893762258', '2020-12-02 14:22:42', NULL, 0, NULL, 1, 1, 130),
	(238, 'Ux4Sp+WV1kHjP2C9SG7ZqgG5KznaXGvaeazZ9w==1606893950294', '2020-12-02 14:25:50', NULL, 0, NULL, 1, 130, 1),
	(239, 'Y2UBI5uKV3li1SFCe74dTi50Yumo8CHzclo=1607329123070', '2020-12-07 15:18:43', NULL, 0, NULL, 1, 123, 107),
	(240, 'EP19UO6bfOUFzDsE3jG8dywKfvEjjw==1607422496664', '2020-12-08 17:14:57', NULL, 0, NULL, 1, 112, 123),
	(241, 'Rt447lh7r3I95rFXKxtNh9077wCGZLz38OjJcg==1607487823629', '2020-12-09 11:23:44', NULL, 0, NULL, 1, 123, 1),
	(242, '5w==1608083420392', '2020-12-16 08:50:20', NULL, 1, NULL, 0, 106, 130),
	(243, '9bmNPfUBaxDkF7NhbjsEsco=1608088074570', '2020-12-16 10:07:55', NULL, 0, NULL, 1, 1, 131),
	(244, 'CElkx10A/IQoOKlqKg==1608088136534', '2020-12-16 10:08:57', NULL, 0, NULL, 1, 12, 131),
	(245, '8CyogqZUmw==1608089306214', '2020-12-16 10:28:26', NULL, 0, NULL, 1, 131, 1),
	(246, 'DFZRUiu6fTs=1608180083002', '2020-12-17 11:41:23', NULL, 0, NULL, 1, 5, 119),
	(247, 'iajnVfInnGfIFB/bcK8dp28TEQ==1608189373177', '2020-12-17 14:16:13', NULL, 0, NULL, 1, 9, 12),
	(248, '3ST6PzQair0Hah0goYOQExBIeUiycLtBavKM1609127027377', '2020-12-28 10:43:47', NULL, 0, NULL, 1, 132, 7),
	(249, 'iRPGKxRM1609127037780', '2020-12-28 10:43:58', NULL, 0, NULL, 1, 132, 12),
	(250, 'JtgRrS1Ncw==1609127050428', '2020-12-28 10:44:10', NULL, 0, NULL, 1, 133, 12),
	(251, 'WGx3HmydNdBt1609138274974', '2020-12-28 13:51:15', NULL, 0, NULL, 1, 106, 130),
	(252, 'oRR41609828576230', '2021-01-05 13:36:16', NULL, 0, NULL, 1, 9, 123);
/*!40000 ALTER TABLE `SECRET_KEY` ENABLE KEYS */;

-- Dumping structure for table ySmdjxnAyh.SERVICE
CREATE TABLE IF NOT EXISTS `SERVICE` (
  `id` bigint(20) NOT NULL AUTO_INCREMENT,
  `update_id` varchar(100) DEFAULT NULL,
  `updated_version` bigint(20) DEFAULT '0',
  `status` tinyint(4) DEFAULT NULL,
  `name` varchar(100) DEFAULT NULL,
  `zone_id` bigint(20) DEFAULT NULL,
  `CREATED_TIME` timestamp NULL DEFAULT NULL,
  `DESCRIPTION` text,
  `CODE` varchar(100) NOT NULL,
  `TYPE` varchar(100) DEFAULT NULL,
  PRIMARY KEY (`id`),
  UNIQUE KEY `SERVICE_UN_CODE` (`CODE`),
  UNIQUE KEY `SERVICE_UN` (`name`),
  KEY `SERVICE_FK` (`zone_id`),
  KEY `SERVICE_name_IDX` (`name`,`zone_id`) USING BTREE,
  CONSTRAINT `SERVICE_FK` FOREIGN KEY (`zone_id`) REFERENCES `SE_ZONE` (`id`)
) ENGINE=InnoDB AUTO_INCREMENT=134 DEFAULT CHARSET=utf8;

-- Dumping data for table ySmdjxnAyh.SERVICE: ~128 rows (approximately)
/*!40000 ALTER TABLE `SERVICE` DISABLE KEYS */;
INSERT INTO `SERVICE` (`id`, `update_id`, `updated_version`, `status`, `name`, `zone_id`, `CREATED_TIME`, `DESCRIPTION`, `CODE`, `TYPE`) VALUES
	(1, NULL, 5, 1, 'auth', 2, NULL, NULL, 'auth', 'NORMAL'),
	(2, NULL, 3, 1, 'DEMO service 3333', 3, NULL, 'this is update description', 'CODE2', 'NORMAL'),
	(3, NULL, 1, -1, 'DEMO service 3334', 3, NULL, NULL, 'CODE3', 'NORMAL'),
	(4, NULL, 0, 1, 'hms', 1, NULL, NULL, 'hms', 'NORMAL'),
	(5, NULL, 0, 1, 'tripione', 5, NULL, NULL, 'tripione', 'NORMAL'),
	(6, NULL, 3, 1, 'DEMO service 3336', 2, NULL, 'this is create description', 'CODE6', 'NORMAL'),
	(7, NULL, 0, 1, 'sample', 4, NULL, 'this is create description', 'sample', 'NORMAL'),
	(8, NULL, 0, 1, 'recommendation', 9, NULL, NULL, 'recommendation', 'NORMAL'),
	(9, NULL, 0, 1, 'ams', 2, NULL, NULL, 'ams', 'NORMAL'),
	(12, NULL, 7, 1, 'msgs', 14, NULL, 'service dang chay cam thay doi', 'msgs', 'NORMAL'),
	(13, NULL, 1, -1, 'aaa', 14, NULL, NULL, 'aaa', 'NORMAL'),
	(14, NULL, 1, -1, 'abcdef', 1, NULL, 'asdasdasdsadsadsa', 'striasdadasdsadasdng', 'NORMAL'),
	(15, NULL, 1, -1, 'abcdefghik', 1, NULL, 'asdasdaasdasdsadsadsa', 'striasdadasdsasdasdadasdng', 'NORMAL'),
	(16, NULL, 1, -1, 'abcdeasdasdsadfghik', 1, NULL, 'asdasdasadasdadasdasdsadsadsa', 'striasdadasdsasdasdaasdasdadasdng', 'NORMAL'),
	(17, NULL, 7, 1, 'abcdeasdas123dsadfghik', 1, NULL, 'asdasd123asadasdadasdasdsadsadsa', 'striasdadasds123asdasdaasdasdadasdng', 'NORMAL'),
	(18, NULL, 1, -1, 'test Hoang', 1, NULL, 'test test test test', '1234123412', 'NORMAL'),
	(19, NULL, 1, -1, 'test test', 1, NULL, 'test test test test', '652523234', 'NORMAL'),
	(20, NULL, 1, -1, 'test test test', 13, NULL, 'test test test test', '652523123', 'NORMAL'),
	(21, NULL, 1, -1, 'test test test test', 4, NULL, 'test test test test', '6525231232', 'NORMAL'),
	(22, NULL, 1, -1, 'regergegergre', 5, NULL, 'asssssssssssssssssssssssssssssssssssssssssssssssssssssssssssssssssssssssssssssssssssssssssssssssssss', '213123124151', 'NORMAL'),
	(23, NULL, 1, -1, 'asdasdsadas', 1, NULL, 'wqeqweqweqw', '2131231', 'NORMAL'),
	(24, NULL, 1, -1, 'qweqweqweqw', 1, NULL, 'test test test test', 'qweqweqweqw', 'NORMAL'),
	(25, NULL, 1, -1, 'asdas', 1, NULL, 'asssssssssssssssssssssssssssssssssssssssssssssssssssssssssssssssssssssssssssssssssssssssssssssssssss', 'asdasdas', 'NORMAL'),
	(26, NULL, 1, -1, '123', 2, NULL, 'test test test test', '123', 'NORMAL'),
	(27, NULL, 1, -1, 'qweqwe', 2, NULL, 'qweqwe', 'qwe', 'NORMAL'),
	(28, NULL, 1, -1, '23123123qwsad', 2, NULL, 'test test test test', '2312312', 'NORMAL'),
	(29, NULL, 1, -1, '213123asdasda', 2, NULL, 'test test test test', 'asdada', 'NORMAL'),
	(30, NULL, 13, -1, '21312321', 1, NULL, 'test test test test test', '21ewqea123s23122131233d', 'NORMAL'),
	(31, NULL, 1, -1, 'đsfsdfsdf', 1, NULL, 'asdasdasdas', '3423423', 'NORMAL'),
	(32, NULL, 1, -1, 'test test test test 1', 2, NULL, 'test test test test', '652523213', 'NORMAL'),
	(33, NULL, 2, -1, 'sádádsadasd', 1, NULL, '12312312321', '123123', 'NORMAL'),
	(34, NULL, 1, -1, 'sadasd', 1, NULL, 'aweasdsaasd', '21312', 'NORMAL'),
	(35, NULL, 3, -1, 'sadasdasd', 1, NULL, 'aweasdsaasd', '21312213', 'NORMAL'),
	(36, NULL, 1, -1, 'test test 1123', 2, NULL, 'asdasdasdas', '12qweqwd', 'NORMAL'),
	(37, NULL, 1, -1, '322423423423', 2, NULL, 'werwerwerwerwe', '23423423423', 'NORMAL'),
	(38, NULL, 1, -1, '12312312wqe', 5, NULL, 'qweqweqw', 'qweqweqw', 'NORMAL'),
	(39, NULL, 1, -1, '123456', 6, NULL, 'test test test', '12312341', 'NORMAL'),
	(40, NULL, 1, -1, '12312', 2, NULL, 'asdasdasd', '123123sd', 'NORMAL'),
	(41, NULL, 1, -1, 'test test 4567', 7, NULL, '1234554634', '456454654', 'NORMAL'),
	(42, NULL, 1, -1, 'sadasdsad', 5, NULL, 'asdasdasd', 'asdasda', 'NORMAL'),
	(43, NULL, 2, -1, '21sadasd', 5, NULL, 'asdasdasd', 'asdasd', 'NORMAL'),
	(44, NULL, 1, -1, '21sadasdasda', 5, NULL, 'asdasdasdsad', 'asdasdasdasd', 'NORMAL'),
	(45, NULL, 5, -1, 'test test 7890', 2, NULL, 'test test test test', '12312412', 'NORMAL'),
	(46, NULL, 1, -1, 'test test sadas', 1, NULL, 'sadasdasdasdsa', '21dasd', 'NORMAL'),
	(47, NULL, 1, -1, 'sadsadsa', 6, NULL, 'asdsadsadas', 'sadsadasdas', 'NORMAL'),
	(48, NULL, 1, -1, 'test asdasdas', 1, NULL, 'asdadzxczx', 'sadasdasda', 'NORMAL'),
	(49, NULL, 1, -1, '123123', 2, NULL, 'asdasdasdas', 'qweasdasdas', 'NORMAL'),
	(50, NULL, 1, -1, 'test 324asd', 2, NULL, 'asdaszxczxc', 'asdasdazxcs', 'NORMAL'),
	(51, NULL, 1, -1, 'asdasdas', 2, NULL, 'asdasdsadsa', 'asdasdsa', 'NORMAL'),
	(52, NULL, 1, -1, 'asdsadasd', 2, NULL, 'asdasdsad', 'asdsadasd', 'NORMAL'),
	(53, NULL, 1, -1, 'cv vbvnvbn', 1, NULL, 'vbnbvnbvn', 'asdvcxzccxvcxv', 'NORMAL'),
	(54, NULL, 1, -1, 'xcvxc', 2, NULL, 'xzcxzczxvc', 'cxvxcvxc', 'NORMAL'),
	(55, NULL, 13, -1, 'sxsaxzcxz', 2, NULL, 'sdasdqw', 'cxzcxzcxzcxzcsa', 'NORMAL'),
	(56, NULL, 1, -1, 'asdasd', 1, NULL, 'asdasdasda', 'zxcsdas', 'NORMAL'),
	(57, NULL, 1, -1, 'zxczxczxczxcxz', 1, NULL, 'zxczxczxczxczxcsa', 'zxczxczxcxzczx', 'NORMAL'),
	(58, NULL, 1, -1, 'asdasdaszxc', 1, NULL, 'asdasdas', 'zxczxczx', 'NORMAL'),
	(59, NULL, 1, -1, 'xzcxzcsdfdsf', 5, NULL, 'sdfdsfsdfds', 'dsfsdfsdfds', 'NORMAL'),
	(60, NULL, 1, -1, 'cxvcxvsdvsdv', 2, NULL, 'xcvxcvxcvxc', 'xvxcvxcvxc', 'NORMAL'),
	(61, NULL, 19, 1, 'gateway', 2, NULL, '', 'gateway', 'NORMAL'),
	(62, NULL, 1, -1, 'zxcsadasdas', 1, NULL, 'asdasdsadsa', 'asdasdasxc', 'NORMAL'),
	(63, NULL, 1, -1, 'sdsddvcxvxcv', 2, NULL, 'test test test test', 'cxvxcvcxvcxasd', 'NORMAL'),
	(64, NULL, 1, -1, 'hoangvutest', 1, NULL, 'hoangvutest', 'hoangvutest', 'NORMAL'),
	(65, NULL, 1, -1, 'sadasdas', 1, NULL, 'zxczxczxcz', 'sacxzcxzczxc', 'NORMAL'),
	(66, NULL, 1, -1, 'hoangvutesttest', 1, NULL, 'hoangvutesttest', 'hoangvutesttest', 'NORMAL'),
	(67, NULL, 1, -1, 'hoangvutesttesttest', 1, NULL, 'hoangvutesttesttest', 'hoangvutesttesttest', 'NORMAL'),
	(68, NULL, 1, -1, 'xcxzcxzczxczx', 1, NULL, 'test test test test', 'czxczxczxczxcxz', 'NORMAL'),
	(69, NULL, 1, -1, 'hoangvutest123', 1, NULL, 'hoangvutest123', 'hoangvutest123', 'NORMAL'),
	(70, NULL, 1, -1, 'zxcsacascasc', 2, NULL, 'zxccwqcsc', 'ascascsacas', 'NORMAL'),
	(71, NULL, 1, 1, 'sample_topic', 15, NULL, '', 'MQ_PLS$:just-testing', 'MQ_PUBLISHER'),
	(72, NULL, 1, -1, 'zxczxczxcccsc', 1, NULL, 'zxccwefwrbb', 'âcscwqczsc', 'NORMAL'),
	(73, NULL, 1, -1, 'tesst', 1, NULL, 'tesst', '123456', 'NORMAL'),
	(74, NULL, 10, 1, 'TESST DEVICE', 6, NULL, 'TEST', '985642', 'NORMAL'),
	(76, NULL, 1, 1, 'sample_topic_receiver', 15, NULL, '', 'MQ_RCV$:just-testing', 'MQ_RECEIVER'),
	(77, NULL, 1, -1, 'xzczxcxzcxz', 4, NULL, 'zxcxzczxczxczxczxcz', 'xzczxczxczxc', 'NORMAL'),
	(78, NULL, 4, -1, '213123xzczxczxczxzczxczxzxcxzcqwe3242c', 2, NULL, 'zxczxczx', 'sadasdasdsazxcwcs', 'NORMAL'),
	(79, NULL, 3, -1, 'test testsadasd', 1, NULL, 'zxczxczxczxcxz', 'asdasdaszxczxczxcz', 'NORMAL'),
	(80, NULL, 1, -1, 'test testxzcxzczxsadasd', 1, NULL, 'zxxzczxcxzczxczxczxcxz', 'asdasdaszxczxczxzxczxcz', 'NORMAL'),
	(81, NULL, 1, -1, 'test testsazxczxcdasd', 1, NULL, 'zxczxxczxczczxczxcxz', 'asdasdaszxczxcxczxcz', 'NORMAL'),
	(82, NULL, 5, 1, 'blackeyes', 16, NULL, '', 'blackeyes', 'NORMAL'),
	(84, NULL, 1, -1, 'test testxczsadasd', 1, NULL, 'zxczzxczcxzxczxczxcxz', 'asdasdaszxczxczxczxzxczxcz', 'NORMAL'),
	(85, NULL, 1, -1, 'test tesxzctxczsadasd', 1, NULL, 'zxczzzxcxczcxzxczxczxcxz', 'asdasdaszxczxczxzcxczxzxczxcz', 'NORMAL'),
	(86, NULL, 1, -1, 'test testxczsadasddasdasdasdasdsad', 1, NULL, 'zxczzxczcxzxczxczxcxz', 'asdasdaszxczxczxczxzxczxczsadsadsa', 'NORMAL'),
	(87, NULL, 1, -1, 'test testxczsadasddasdasdasdasdsadasd123325435', 4, NULL, 'zxczzxczcxzxczxczxcxzzxc', 'asdasdaszxczxczxczxzxczxczsadsadsazxc', 'NORMAL'),
	(88, NULL, 7, -1, 'xzczxczxczxcxz', 2, NULL, 'xzcxzcxzcxzczxcz', 'asdasdassadadsa', 'NORMAL'),
	(89, NULL, 1, -1, 'test testxzczcxzczx', 4, NULL, 'zxczxcxzcxzcxzczx', 'asdasdaszxczxcczx', 'NORMAL'),
	(90, NULL, 3, -1, 'hoangvutest456776876', 1, NULL, 'hoangvutest456776876', 'hoangvutest4567768769', 'MQ_RECEIVER'),
	(91, NULL, 4, -1, 'test test 56789056', 1, NULL, 'test test 56789056', 'test test 56789056', 'MQ_RECEIVER'),
	(92, NULL, 4, -1, 'hoangvutest12312312aaaaaaa', 2, NULL, 'hoangvutest12312312saaaaaaa', 'hoangvutest12312312aaaaaa', 'MQ_PUBLISHER'),
	(93, NULL, 2, -1, 'zxczxczxcxz', 6, NULL, 'xzcxzczxcxzcxz', 'xczxcxzcxz', 'MQ_PUBLISHER'),
	(94, NULL, 2, -1, 'sacwqcascqaw', 4, NULL, 'zxczxczxczx', 'czxczxczxccqwcc', 'MQ_RECEIVER'),
	(95, NULL, 1, 0, 'TEST SERVICE', 6, NULL, '999888777 TEST', '999888777', 'NORMAL'),
	(96, NULL, 6, 1, 'hoangvutest1234', 14, NULL, 'hoangvutest1234', 'hoangvutest1234', 'NORMAL'),
	(97, NULL, 5, 1, 'hoangvutest12344', 2, NULL, 'hoangvutest12344', 'hoangvutest12344', 'NORMAL'),
	(98, NULL, 1, 1, 'msgs_email_topic', 15, NULL, '', 'MQ_PLS$:messaging_email', 'MQ_PUBLISHER'),
	(99, NULL, 1, 1, 'msgs_email_receiver', 15, NULL, '', 'MQ_RCV$:messaging_email', 'MQ_RECEIVER'),
	(101, NULL, 1, 1, 'msgs_sms_topic', 15, NULL, '', 'MQ_PLS$:messaging_sms', 'MQ_PUBLISHER'),
	(102, NULL, 1, 1, 'msgs_sms_receiver', 15, NULL, '', 'MQ_RCV$:messaging_sms', 'MQ_RECEIVER'),
	(103, NULL, 0, 1, 'DEMO service 3333333', 2, NULL, 'this is create description', 'MQ_PLS$:null', 'MQ_PUBLISHER'),
	(104, NULL, 4, -1, 'hoangvutest123456789', 2, NULL, 'hoangvutest123456789', 'hoangvutest123456789', 'NORMAL'),
	(105, NULL, 3, 1, 'payment', 26, NULL, NULL, 'payment', 'NORMAL'),
	(106, NULL, 0, 1, 'hms-premium', 25, NULL, NULL, 'hms-premium', 'NORMAL'),
	(107, NULL, 0, 1, 'health_monitor', 27, NULL, '', 'health_monitor', 'NORMAL'),
	(108, NULL, 1, -1, 'hoangvutesthoangvutest7890', 4, NULL, 'hoangvutesthoangvutest7890', 'hoangvutesthoangvutest7890', 'NORMAL'),
	(109, NULL, 0, 1, 'asdasd2131232132', 4, NULL, '123123213', 'MQ_PLS$:12312', 'MQ_PUBLISHER'),
	(110, NULL, 0, 1, 'datanh14141412412', 4, NULL, 'ádasds', 'qưeasd', 'NORMAL'),
	(111, NULL, 2, 1, 'Transportation', 31, NULL, 'Transportation Module for F&E Tripi Prime ', 'transportation', 'NORMAL'),
	(112, NULL, 0, 1, 'chat', 32, NULL, NULL, 'chat', 'NORMAL'),
	(113, NULL, 0, 1, 'messaging_notify', 14, NULL, NULL, 'MQ_PLS$:messaging_notify', 'MQ_PUBLISHER'),
	(114, NULL, 0, 1, 'messaging_notify_receiver', 14, NULL, NULL, 'MQ_RCV$:messaging_notify', 'MQ_RECEIVER'),
	(115, NULL, 0, 1, 'FECore', 31, NULL, NULL, 'fecore', 'NORMAL'),
	(116, NULL, 0, 1, 'Train', 33, NULL, 'Dịch vụ vé tàu', 'train', 'NORMAL'),
	(117, NULL, 0, 1, 'invoice-event-topic', 15, NULL, NULL, 'MQ_PLS$:invoice-event-topic', 'MQ_PUBLISHER'),
	(118, NULL, 0, 1, 'invoice-event-topic_receiver', 15, NULL, NULL, 'MQ_RCV$:invoice-event-topic', 'MQ_RECEIVER'),
	(119, NULL, 0, 1, 'backend_sv', 13, NULL, NULL, 'backend_sv', 'NORMAL'),
	(120, NULL, 0, 1, 'message-chat', 15, NULL, NULL, 'MQ_PLS$:message-chat', 'MQ_PUBLISHER'),
	(121, NULL, 0, 1, 'message-chat_rcv', 15, NULL, NULL, 'MQ_RCV$:message-chat', 'MQ_RECEIVER'),
	(122, NULL, 1, 1, 'PRICING-RANKING', 34, '2020-11-11 16:07:53', NULL, 'pricing_ranking', 'NORMAL'),
	(123, NULL, 0, 1, 'customer support', 35, '2020-11-23 13:45:00', NULL, 'csp', 'NORMAL'),
	(124, NULL, 0, 1, 'refund-event-topic', 5, '2020-11-23 14:06:35', NULL, 'MQ_PLS$:refund-event-topic', 'MQ_PUBLISHER'),
	(125, NULL, 0, 1, 'refund-event-topic_rcv', 5, '2020-11-23 14:06:55', NULL, 'MQ_RCV$:refund-event-topic', 'MQ_RECEIVER'),
	(126, NULL, 0, 1, 'Tripi Feed', 36, '2020-11-24 09:55:07', NULL, 'tripi-feed', 'NORMAL'),
	(127, NULL, 3, 1, 'scazsdcsd', 4, '2020-11-24 10:34:06', 'sadasdas', 'asdas', 'NORMAL'),
	(128, NULL, 0, 1, 'additional-cost-event-topic', 5, '2020-11-24 15:29:40', NULL, 'MQ_PLS$:additional-cost-event-topic', 'MQ_PUBLISHER'),
	(129, NULL, 0, 1, 'additional-cost-event-topic_rcv', 5, '2020-11-24 15:29:59', NULL, 'MQ_RCV$:additional-cost-event-topic', 'MQ_RECEIVER'),
	(130, NULL, 1, 1, 'hotel-connector', 37, '2020-12-02 13:39:50', NULL, 'hotel-connector', 'NORMAL'),
	(131, NULL, 2, 1, 'FE Ticket', 31, '2020-12-16 10:07:32', NULL, 'feticket', 'NORMAL'),
	(132, NULL, 0, 1, 'msgs_email_test', 14, '2020-12-28 10:43:22', NULL, 'MQ_PLS$:msgs_email_test', 'MQ_PUBLISHER'),
	(133, NULL, 0, 1, 'msgs_email_test_rcv', 14, '2020-12-28 10:43:34', NULL, 'MQ_RCV$:msgs_email_test', 'MQ_RECEIVER');
/*!40000 ALTER TABLE `SERVICE` ENABLE KEYS */;

-- Dumping structure for table ySmdjxnAyh.SERVICE_ROLE
CREATE TABLE IF NOT EXISTS `SERVICE_ROLE` (
  `id` bigint(20) NOT NULL AUTO_INCREMENT,
  `service_id` bigint(20) DEFAULT NULL,
  `role_id` bigint(20) DEFAULT NULL,
  PRIMARY KEY (`id`),
  KEY `SERVICE_ROLE_FK` (`role_id`),
  KEY `SERVICE_ROLE_FK_1` (`service_id`),
  CONSTRAINT `SERVICE_ROLE_FK` FOREIGN KEY (`role_id`) REFERENCES `SE_ROLE` (`id`),
  CONSTRAINT `SERVICE_ROLE_FK_1` FOREIGN KEY (`service_id`) REFERENCES `SERVICE` (`id`)
) ENGINE=InnoDB AUTO_INCREMENT=26 DEFAULT CHARSET=utf8;

-- Dumping data for table ySmdjxnAyh.SERVICE_ROLE: ~20 rows (approximately)
/*!40000 ALTER TABLE `SERVICE_ROLE` DISABLE KEYS */;
INSERT INTO `SERVICE_ROLE` (`id`, `service_id`, `role_id`) VALUES
	(1, 1, 1),
	(2, 61, 34),
	(3, 7, 3),
	(4, 5, 3),
	(5, 9, 3),
	(6, 105, 3),
	(7, 106, 3),
	(8, 107, 58),
	(9, 7, 45),
	(10, 107, 53),
	(11, 105, 62),
	(12, 12, 3),
	(14, 97, 61),
	(18, 122, 110),
	(19, 2, 23),
	(20, 130, 129),
	(22, 127, 18),
	(23, 131, 104),
	(24, 131, 45),
	(25, 123, 3);
/*!40000 ALTER TABLE `SERVICE_ROLE` ENABLE KEYS */;

-- Dumping structure for table ySmdjxnAyh.SE_ROLE
CREATE TABLE IF NOT EXISTS `SE_ROLE` (
  `ID` bigint(20) NOT NULL AUTO_INCREMENT,
  `NAME` varchar(30) NOT NULL,
  `UPDATED_VERSION` bigint(20) NOT NULL DEFAULT '1',
  `CREATED_TIME` timestamp NOT NULL DEFAULT CURRENT_TIMESTAMP ON UPDATE CURRENT_TIMESTAMP,
  `UPDATE_ID` varchar(200) DEFAULT NULL,
  `ZONE_ID` bigint(20) DEFAULT NULL,
  `STATUS` tinyint(4) NOT NULL DEFAULT '1',
  `PARENT` bigint(20) DEFAULT NULL,
  `CODE` varchar(100) NOT NULL,
  `DESCRIPTION` text,
  PRIMARY KEY (`ID`),
  UNIQUE KEY `SE_ROLE_UN` (`CODE`),
  KEY `SE_ROLE_NAME_IDX` (`NAME`) USING BTREE,
  KEY `SE_ROLE_FK` (`ZONE_ID`),
  KEY `SE_ROLE_FK_1` (`PARENT`),
  KEY `SE_ROLE_NAME_CODE_ZONE_IDX` (`NAME`,`CODE`,`ZONE_ID`) USING BTREE,
  CONSTRAINT `SE_ROLE_FK` FOREIGN KEY (`ZONE_ID`) REFERENCES `SE_ZONE` (`id`),
  CONSTRAINT `SE_ROLE_FK_1` FOREIGN KEY (`PARENT`) REFERENCES `SE_ROLE` (`id`)
) ENGINE=InnoDB AUTO_INCREMENT=135 DEFAULT CHARSET=utf8;

-- Dumping data for table ySmdjxnAyh.SE_ROLE: ~101 rows (approximately)
/*!40000 ALTER TABLE `SE_ROLE` DISABLE KEYS */;
INSERT INTO `SE_ROLE` (`ID`, `NAME`, `UPDATED_VERSION`, `CREATED_TIME`, `UPDATE_ID`, `ZONE_ID`, `STATUS`, `PARENT`, `CODE`, `DESCRIPTION`) VALUES
	(1, 'HMS_ADMIN', 17, '2020-06-22 03:22:11', NULL, 1, 1, NULL, 'HMS_ADMIN', NULL),
	(3, 'AUTH_ADMIN', 15, '2020-06-22 03:22:11', NULL, 2, 1, NULL, 'AUTH_ADMIN', NULL),
	(7, 'AUTH_MEMBER', 2, '2020-09-11 02:56:27', NULL, 2, 1, 3, 'AUTH_MEMBER', NULL),
	(8, 'AUTH_ROOT', 1, '2020-06-22 03:22:12', NULL, 2, -1, NULL, 'AUTH_ROOT', NULL),
	(11, 'HMS_PROVIDER', 5, '2020-06-22 03:22:11', NULL, 1, 1, 1, 'HMS_PROVIDER', NULL),
	(18, 'SAMPLE ADMIN', 1, '2020-06-25 03:47:36', NULL, 4, 1, NULL, 'SAMPLE_ADMIN', NULL),
	(19, 'SAMPLE VIEWER', 3, '2020-06-25 03:48:10', NULL, 4, 0, 18, 'SAMPLE_VIEWER', NULL),
	(20, 'COMPANY SETTING', 1, '2020-06-25 08:22:09', NULL, 5, 1, 21, 'COMP_SETTING', NULL),
	(21, 'TRIPI ONE KING', 3, '2020-08-13 06:57:56', NULL, 5, 1, NULL, 'TRIPI_ONE_KING', NULL),
	(22, 'HMS_VIEWER', 4, '2020-06-30 10:16:56', NULL, 1, 1, 1, 'HMS_VIEWER', NULL),
	(23, 'DEMO ADMIN', 0, '2020-07-03 10:03:34', NULL, 3, 1, NULL, 'demoAdmin', NULL),
	(26, 'DEMO SupperADMIN', 0, '2020-07-03 10:12:39', NULL, 3, 1, 23, 'demoSupperAdmin', NULL),
	(29, 'DEMO member 3333', 3, '2020-07-03 10:13:34', NULL, 3, 1, 26, 'demoSuppe123r11Admin', 'this is update description'),
	(30, 'DEMO member 3333', 0, '2020-07-24 05:27:33', NULL, 2, 1, NULL, 'demoSuppe123rAdmin', NULL),
	(31, 'HOTEL_CONTENT_ADMIN', 1, '2020-07-08 08:26:46', NULL, 7, 1, NULL, 'HOTEL_CONTENT_ADMIN', NULL),
	(32, 'HOTEL_CONTENT_MAPPER', 1, '2020-07-08 08:26:46', NULL, 7, 1, NULL, 'HOTEL_CONTENT_MAPPER', NULL),
	(34, 'AUTH_GATEWAY', 5, '2020-06-22 03:22:11', NULL, 2, 1, NULL, 'AUTH_GATEWAY', NULL),
	(35, 'DEMO member 3335', 2, '2020-07-21 07:38:58', NULL, 3, 1, 26, 'demoCode', 'this is update descriptionnnn'),
	(36, 'DEMO update Status', 5, '2020-07-23 04:28:13', NULL, 2, 1, NULL, 'demoUpdateStatus', NULL),
	(37, 'TRIPI ONE DEFAULT', 1, '2020-08-13 07:15:26', NULL, 5, 1, 44, 'TRIPI_ONE_DEFAULT', NULL),
	(38, 'TRIPI ONE BOOKING', 1, '2020-06-25 08:22:09', NULL, 5, 1, 21, 'TRIPI_ONE_BOOKING', NULL),
	(39, 'RECOMMENDATION_DEFAULT', 2, '2020-07-28 09:17:08', NULL, 9, 1, NULL, 'RECOMMENDATION_DEFAULT', NULL),
	(40, 'Backend default', 1, '2020-08-13 03:18:42', NULL, 13, 1, NULL, 'BACK_END_DEFAULT', NULL),
	(41, 'TRIPI ONE OWNER', 75, '2020-08-13 00:00:00', NULL, 5, 1, 21, 'TRIPI_ONE_OWNER', NULL),
	(42, 'TRIPI ONE WEB ADMIN', 5, '2020-08-13 00:00:00', NULL, 5, 1, 21, 'TRIPI_ONE_WEB_ADMIN', NULL),
	(43, 'TRIPI ONE ADMIN', 70, '2020-08-13 00:00:00', NULL, 5, 1, 41, 'TRIPI_ONE_ADMIN', NULL),
	(44, 'TRIPI ONE STAFF', 69, '2020-08-13 00:00:00', NULL, 5, 1, 43, 'TRIPI_ONE_STAFF', NULL),
	(45, 'MESSAGING_ADMIN', 7, '2020-08-13 00:00:00', NULL, 14, 1, NULL, 'MESSAGING_ADMIN', NULL),
	(46, 'MESSAGING_SENDER', 1, '2020-08-13 00:00:00', NULL, 14, 1, NULL, 'MESSAGING_SENDER', NULL),
	(47, 'DATA_ADMIN', 1, '2020-08-28 03:45:07', NULL, 16, 1, NULL, 'DATA_ADMIN', ''),
	(48, 'test role', 11, '2020-08-28 09:04:33', NULL, 6, 1, NULL, 'test', 'test'),
	(49, 'testRole', 1, '2020-08-28 09:07:26', NULL, 8, -1, NULL, 'testRole', 'testRole'),
	(50, 'RoleTest1', 4, '2020-09-06 15:12:07', NULL, 23, 1, NULL, 'RoleTest1', 'abc'),
	(51, 'RoleTest2', 1, '2020-09-06 15:14:17', NULL, 23, -1, 50, 'RoleTest2', 'abcxyz'),
	(52, 'testRole2', 1, '2020-09-07 08:25:36', NULL, 23, 1, 50, 'abc', 'abc'),
	(53, 'HMS_PRE_ADMIN', 86, '2020-09-15 06:01:45', NULL, 25, 1, 126, 'HMS_PRE_ADMIN', 'HMS_PRE_ADMIN'),
	(55, 'HMS_PRE_PROVIDER', 96, '2020-10-14 02:53:10', NULL, 25, -1, 92, 'HMS_PRE_PROVIDER', 'HMS_PRE_PROVIDER'),
	(56, 'PAYMENT_ANONYMOUS', 5, '2020-06-22 03:22:11', NULL, 26, 1, NULL, 'PAYMENT_ANONYMOUS', NULL),
	(57, 'HMS_PRE_MEMBER', 3, '2020-09-16 13:08:20', NULL, 25, -1, 53, 'HMS_PRE_MEMBER', NULL),
	(58, 'MESSAGING_MONITOR', 1, '2020-08-13 00:00:00', NULL, 14, 1, NULL, 'MESSAGING_MONITOR', ''),
	(59, 'hoangvutest123', 90, '2020-09-18 11:40:09', NULL, 2, 1, NULL, 'hoangvutest123', 'hoangvutest123'),
	(60, 'AUTH_VIEWER', 2, '2020-09-11 02:56:27', NULL, 2, 1, 7, 'AUTH_VIEWER', NULL),
	(61, 'hoangvutest1000', 13, '2020-09-11 02:52:33', NULL, 2, 1, NULL, 'hoangvutest1000', 'hoangvutest1000'),
	(62, 'TRIPI ONE INTERNAL', 1, '2020-08-13 00:00:00', NULL, 5, 1, 21, 'TRIPI_ONE_INTERNAL', NULL),
	(63, 'HMS_PRE_VIEWER', 32, '2020-09-10 08:01:48', NULL, 25, 1, NULL, 'HMS_PRE_VIEWER', 'HMS_PRE_VIEWER'),
	(66, 'test roleadsfkajg', 2, '2020-09-15 04:52:35', NULL, 2, 1, NULL, 'testroleadfkjal;gja', 'this is create description'),
	(67, 'test test', 0, '2020-09-15 10:17:16', NULL, 29, 1, NULL, 'asdasdas', 'dsadsadsad'),
	(71, 'HMS Test', 27, '2020-09-17 12:13:56', NULL, 25, -1, NULL, 'HMS_PRE_PROVIDER_1', 'HMS_PROVIDER'),
	(72, 'hoangvutesthoangvutest1', 1, '2020-09-16 06:50:25', NULL, 29, -1, NULL, 'hoangvutesthoangvutest1', 'hoangvutesthoangvutest1'),
	(73, 'hoangvutesthoangvutest12', 1, '2020-09-16 06:50:44', NULL, 29, -1, NULL, 'hoangvutesthoangvutest12', 'hoangvutesthoangvutest12'),
	(74, 'hoangvutesthoangvutest123', 1, '2020-09-16 06:50:56', NULL, 29, -1, NULL, 'hoangvutesthoangvutest123', 'hoangvutesthoangvutest123'),
	(75, 'hoangvutesthoangvutest123457i', 3, '2020-09-16 06:51:12', NULL, 29, -1, NULL, '123123', 'hoangvutesthoangvutest1234'),
	(76, 'HMS_PRE_MARKETING', 28, '2020-09-16 07:54:49', NULL, 25, 1, 53, 'HMS_PRE_MARKETING', 'HMS_PRE_ADMIN'),
	(77, 'HMS_PRE_MPS', 66, '2020-09-16 07:55:38', NULL, 25, 1, 76, 'HMS_PRE_MPS', 'HMS_PRE_ADMIN'),
	(78, 'HMS Premium provider', 2, '2020-09-16 10:34:39', NULL, 25, -1, NULL, 'HMS_PROVIDER_qVxbWBHZ', NULL),
	(81, 'HMS Premium provider', 2, '2020-09-16 12:25:04', NULL, 25, -1, NULL, 'HMS_PROVIDER_OuUsEznK', NULL),
	(82, 'HMS Premium provider', 2, '2020-09-17 01:34:31', NULL, 25, -1, NULL, 'HMS_PROVIDER_yvBJb4VO', NULL),
	(83, 'HMS Test', 2, '2020-09-17 01:39:30', NULL, 25, -1, NULL, 'HMS_PRE_PROVIDER_2', 'this is create description'),
	(84, 'HMS Premium provider', 2, '2020-09-17 02:05:46', NULL, 25, -1, NULL, 'HMS_PROVIDER_247068_1600308347709', 'HMS_PROVIDER'),
	(85, 'HMS Premium provider', 3, '2020-09-17 12:07:01', NULL, 25, -1, NULL, 'HMS_PROVIDER_247068_1600309114509', 'HMS_PROVIDER'),
	(86, 'HMS Premium provider', 4, '2020-09-17 11:57:27', NULL, 25, -1, NULL, 'HMS_PROVIDER_247068_1600309910195', 'HMS_PROVIDER'),
	(87, 'HMS Premium provider', 2, '2020-09-17 02:32:52', NULL, 25, -1, NULL, 'HMS_PROVIDER_247068_1600309973449', 'HMS_PROVIDER'),
	(92, 'HMS_PRE_HOTEL_ADMIN', 106, '2020-09-16 08:39:36', NULL, 25, 1, 77, 'HMS_PRE_HOTEL_ADMIN', 'HMS_PRE_PROVIDER'),
	(93, 'MESSAGING_MEMBER', 6, '2020-09-22 06:41:57', NULL, 14, 1, NULL, 'MESSAGING_MEMBER', 'role base cho các user'),
	(94, 'CHAT_ADMIN', 13, '2020-10-13 06:45:21', NULL, 32, 1, NULL, 'CHAT_ADMIN', NULL),
	(96, 'CHAT_MEMBER', 17, '2020-10-16 02:21:01', NULL, 32, 1, NULL, 'CHAT_MEMBER', NULL),
	(97, 'Train anonymous', 2, '2020-10-16 03:44:54', NULL, 33, 1, NULL, 'TRAIN_ANONYMOUS', 'Quyền mặc định, cho phép truy cập vào các api được mở ra bên ngoài cùng train'),
	(98, 'Train booker', 2, '2020-10-16 04:23:35', NULL, 33, -1, NULL, 'TRAIN_BOOKER', 'Một số quyền chỉ booker mới có'),
	(99, 'Train CRM Admin', 0, '2020-10-16 04:41:55', NULL, 33, 1, NULL, 'TRAIN_CRM_ADMIN', 'Quyền truy cập tất cả các chức năng trên trang quản lý đơn hàng của các kênh'),
	(100, 'Train CRM Support', 13, '2020-10-16 04:43:29', NULL, 33, 1, 99, 'TRAIN_CRM_SUPPORT', 'Quyền hỗ trợ, chỉ được xem thông tin ít nhất, không có quyền chỉnh sửa'),
	(101, 'Train CRM SALE', 22, '2020-10-16 04:48:29', NULL, 33, 1, 99, 'TRAIN_CRM_SALE', 'Quyền chỉ định cho các bạn CSKH'),
	(102, 'Train CRM accountant', 15, '2020-10-16 04:49:21', NULL, 33, 1, 99, 'TRAIN_CRM_ACCOUNTANT', 'Quyền chỉ định cho các bạn kế toán'),
	(103, 'FE_ADMIN', 2, '2020-10-22 02:20:42', NULL, 31, 1, NULL, 'FE_ADMIN', NULL),
	(104, 'FE_anon', 2, '2020-10-22 03:04:25', NULL, 31, 1, NULL, 'FE_ANONYMOUS', 'default role'),
	(105, 'Nghia Test', 1, '2020-10-22 09:19:58', NULL, 25, -1, NULL, 'HMS_PRE_ADMIN_3fd6eb2e-6c0b-4d00-8244-14b966f17cd6', 'HMS_PRE_ADMIN'),
	(106, 'Nghia Test 1', 1, '2020-10-22 09:20:24', NULL, 25, -1, NULL, 'HMS_PRE_ADMIN_7567bf7b-fa0b-4674-ac67-971cb3bf2b5d', 'HMS_PRE_ADMIN'),
	(107, 'MESSAGING DEFAULT', 1, '2020-10-26 09:26:10', NULL, 14, 1, NULL, 'msgDefault', 'default role for normal user'),
	(108, 'SEND SMS', 1, '2020-10-26 09:32:16', NULL, 14, 1, NULL, 'sendSMS', NULL),
	(109, 'SEND NOTIFY', 1, '2020-10-26 09:32:55', NULL, 14, 1, NULL, 'sendNotify', NULL),
	(110, 'SEND EMAIL', 1, '2020-10-26 09:33:23', NULL, 14, 1, NULL, 'sendEmail', NULL),
	(111, 'Train Callback', 2, '2020-10-26 10:28:42', NULL, 33, 1, NULL, 'TRAIN_CALLBACK', ''),
	(112, 'Bộ phận đao to búa lớn', 3, '2020-10-28 17:06:34', NULL, 25, -1, NULL, 'HMS_PRE_PROVIDER_6269fd19-8b7b-4536-a171-93286333d6b6', 'HMS_PRE_PROVIDER'),
	(113, 'Bộ phận đao to búa lớn', 1, '2020-10-28 17:06:35', NULL, 25, -1, NULL, 'HMS_PRE_PROVIDER_27b0c76b-3929-4b2a-b294-e56416d858b1', 'HMS_PRE_PROVIDER'),
	(114, 'Bộ phận đập đá', 1, '2020-10-28 17:20:53', NULL, 25, -1, NULL, 'HMS_PRE_PROVIDER_ac0a293c-6394-4e33-a295-e0b6610d6a2d', 'HMS_PRE_PROVIDER'),
	(115, 'Bộ phận đập đá', 1, '2020-10-28 17:20:54', NULL, 25, -1, NULL, 'HMS_PRE_PROVIDER_0bd1760f-49ee-4e49-8280-999047587f20', 'HMS_PRE_PROVIDER'),
	(116, 'TripOne CRM Admin', 0, '2020-11-03 14:34:17', NULL, 5, 1, NULL, 'TRIPI_ONE_CRM_ADMIN', 'Quyền gốc của CRM'),
	(117, 'Tripi One CRM Sale', 10, '2020-11-03 14:35:35', NULL, 5, 1, 116, 'TRIPI_ONE_CRM_SALE', 'Quyền được chỉ định cho các bạn sale'),
	(118, 'ipn', 1, '2020-11-05 15:35:53', NULL, 26, 1, 56, 'payment-ipn', NULL),
	(119, 'Payment admin', 1, '2020-11-06 11:21:04', NULL, 26, 1, NULL, 'payment_admin', NULL),
	(120, 'Admin test', 1, '2020-11-11 18:54:52', NULL, 25, -1, NULL, 'HMS_PRE_ADMIN_c6aefedd-fcc3-4151-be8b-ad981aacb218', 'HMS_PRE_ADMIN'),
	(121, 'Khách vãng lai', 1, '2020-11-24 10:32:23', NULL, 36, 1, NULL, 'guest', NULL),
	(122, 'tripi feed admin', 0, '2020-11-24 10:34:13', NULL, 36, 1, NULL, 'tripi-feed-admin', NULL),
	(123, 'HMS_PRE_ACCOUNTANT', 21, '2020-11-25 13:58:21', NULL, 25, 1, NULL, 'HMS_PRE_ACCOUNTANT', 'HMS_PRE_PROVIDER'),
	(124, 'HMS_PRE_SALE', 6, '2020-11-25 19:17:24', NULL, 25, 1, NULL, 'HMS_PRE_SALE', 'HMS_PRE_PROVIDER'),
	(125, 'HMS_PRE_RECEPTION', 26, '2020-11-25 19:19:02', NULL, 25, 1, NULL, 'HMS_PRE_RECEPTION', 'HMS_PRE_PROVIDER'),
	(126, 'HMS_PRE_SYS_ADMIN', 19, '2020-11-25 20:38:50', NULL, 25, 1, NULL, 'HMS_PRE_SYS_ADMIN', 'HMS_PRE_ADMIN'),
	(127, 'CUSTOMER_SUPPORT_MEMBER', 15, '2020-12-01 15:00:16', NULL, 35, 1, NULL, 'CUSTOMER_SUPPORT_MEMBER', NULL),
	(128, 'CUSTOMER_SUPPORT_ADMIN', 16, '2020-12-01 15:00:33', NULL, 35, 1, NULL, 'CUSTOMER_SUPPORT_ADMIN', NULL),
	(129, 'hotel-connector:public', 1, '2020-12-02 13:58:14', NULL, 37, 1, NULL, 'hotel-connector', NULL),
	(130, 'csp_anonymous', 4, '2020-12-09 09:07:55', NULL, 35, 1, NULL, 'csp_anonymous', NULL),
	(131, 'Chat default role', 6, '2020-12-09 16:02:18', NULL, 32, 1, NULL, 'chat_default', NULL);
/*!40000 ALTER TABLE `SE_ROLE` ENABLE KEYS */;

-- Dumping structure for table ySmdjxnAyh.SE_ZONE
CREATE TABLE IF NOT EXISTS `SE_ZONE` (
  `ID` bigint(20) NOT NULL AUTO_INCREMENT,
  `NAME` varchar(30) NOT NULL,
  `UPDATED_VERSION` bigint(20) NOT NULL DEFAULT '1',
  `UPDATE_ID` varchar(100) DEFAULT NULL,
  `CREATED_TIME` timestamp NOT NULL DEFAULT CURRENT_TIMESTAMP,
  `STATUS` tinyint(4) DEFAULT NULL,
  `DESCRIPTION` text,
  `DEFAULT_ROLE_ID` bigint(20) DEFAULT NULL,
  `ANONYMOUS_ROLE_ID` bigint(20) DEFAULT NULL,
  PRIMARY KEY (`ID`),
  UNIQUE KEY `SE_ZONE_UN` (`NAME`),
  KEY `SE_ZONE_NAME_IDX` (`NAME`) USING BTREE,
  KEY `SE_ZONE_FK_1` (`DEFAULT_ROLE_ID`),
  KEY `SE_ZONE_FK_2` (`ANONYMOUS_ROLE_ID`),
  CONSTRAINT `SE_ZONE_FK` FOREIGN KEY (`DEFAULT_ROLE_ID`) REFERENCES `SE_ROLE` (`id`),
  CONSTRAINT `SE_ZONE_FK_2` FOREIGN KEY (`ANONYMOUS_ROLE_ID`) REFERENCES `SE_ROLE` (`id`)
) ENGINE=InnoDB AUTO_INCREMENT=38 DEFAULT CHARSET=utf8;

-- Dumping data for table ySmdjxnAyh.SE_ZONE: ~34 rows (approximately)
/*!40000 ALTER TABLE `SE_ZONE` DISABLE KEYS */;
INSERT INTO `SE_ZONE` (`ID`, `NAME`, `UPDATED_VERSION`, `UPDATE_ID`, `CREATED_TIME`, `STATUS`, `DESCRIPTION`, `DEFAULT_ROLE_ID`, `ANONYMOUS_ROLE_ID`) VALUES
	(1, 'HMS', 2, NULL, '2020-08-06 02:29:01', 1, NULL, NULL, NULL),
	(2, 'AUTH', 2, NULL, '2020-09-14 08:02:43', 1, NULL, 7, 60),
	(3, 'DEMO', 5, NULL, '2020-08-20 08:39:55', -1, NULL, NULL, NULL),
	(4, 'SAMPLE', 1, NULL, '2020-08-20 08:39:55', 1, NULL, 18, 19),
	(5, 'TRIPIONE', 1, NULL, '2020-08-13 07:17:08', 1, NULL, 37, 37),
	(6, 'DEMO2', 1, NULL, '2020-07-03 04:59:15', 0, NULL, NULL, NULL),
	(7, 'HOTEL-CONTENT', 1, NULL, '2020-07-08 08:25:09', 1, NULL, NULL, NULL),
	(8, 'DEMOZONEe', 4, NULL, '2020-07-23 02:56:36', -1, 'new des', NULL, NULL),
	(9, 'RECOMMENDATION', 1, NULL, '2020-08-21 03:13:04', 1, NULL, 39, 39),
	(13, 'BACKEND', 5, NULL, '2020-08-13 07:17:08', 1, '', 40, 40),
	(14, 'MESSAGING', 3, NULL, '2020-08-06 02:29:01', 1, NULL, 107, NULL),
	(15, 'MQ', 1, NULL, '2020-08-13 07:17:08', 1, '', NULL, NULL),
	(16, 'DATA', 1, NULL, '2020-08-06 02:29:01', 1, '', NULL, NULL),
	(17, 'TESTTEST', 1, NULL, '2020-09-01 05:30:04', -1, 'asczxcxzcxzcxzczx', NULL, NULL),
	(18, 'cdscdsccds', 1, NULL, '2020-09-01 09:31:16', -1, NULL, NULL, NULL),
	(19, 'zone test 123', 3, NULL, '2020-09-01 09:40:50', -1, 'zone test 123', NULL, NULL),
	(20, 'hoangvutest1', 2, NULL, '2020-09-02 15:33:06', -1, 'hoangvutest', NULL, NULL),
	(21, 'test test 45678', 1, NULL, '2020-09-03 02:02:02', -1, 'test test 45678', NULL, NULL),
	(22, 'hoangvutest1000', 1, NULL, '2020-09-03 02:07:59', -1, 'hoangvutest1000', NULL, NULL),
	(23, 'hoangvutest2312312', 5, NULL, '2020-09-03 02:12:32', -1, 'hoangvutest2312312', NULL, NULL),
	(24, 'hoangvutest56565', 1, NULL, '2020-09-03 06:40:16', -1, 'hoangvutest56565', NULL, NULL),
	(25, 'HMS_PREMIUM', 4, NULL, '2020-09-14 08:06:11', 1, NULL, 92, 63),
	(26, 'Payment', 0, NULL, '2020-09-10 02:57:03', 1, NULL, 56, 56),
	(27, 'MONITOR', 0, NULL, '2020-09-11 01:55:13', 1, '', NULL, NULL),
	(28, 'hoangvutesttest', 3, NULL, '2020-09-14 08:52:37', -1, 'hoangvutesttest', NULL, NULL),
	(29, 'hoangvutesthoangvutest', 44, NULL, '2020-09-14 09:44:10', 1, 'hoangvutesthoangvutest', 72, 67),
	(30, 'test', 0, NULL, '2020-09-15 08:55:12', 1, NULL, NULL, NULL),
	(31, 'FE_TripiPrime', 3, NULL, '2020-10-09 04:00:40', 1, NULL, 104, 104),
	(32, 'CHAT', 3, NULL, '2020-10-13 06:42:23', 1, NULL, 131, 96),
	(33, 'TRAIN', 2, NULL, '2020-10-16 03:43:29', 1, 'Dịch vụ vé tàu', 97, 97),
	(34, 'PRICING-RANKING', 1, NULL, '2020-11-11 16:04:49', 1, 'PRICING-RANKING', NULL, NULL),
	(35, 'Customer-support', 1, NULL, '2020-11-23 13:44:34', 1, NULL, NULL, 130),
	(36, 'Tripi Feed', 1, NULL, '2020-11-24 09:54:44', 1, NULL, NULL, 121),
	(37, 'HOTEL CONNECTOR', 2, NULL, '2020-12-02 13:38:47', 1, NULL, 129, 129);
/*!40000 ALTER TABLE `SE_ZONE` ENABLE KEYS */;

-- Dumping structure for table ySmdjxnAyh.TOKEN_ACTION
CREATE TABLE IF NOT EXISTS `TOKEN_ACTION` (
  `id` bigint(20) NOT NULL AUTO_INCREMENT,
  `token` varchar(100) NOT NULL,
  `user_id` bigint(20) NOT NULL,
  `type` varchar(100) NOT NULL DEFAULT 'EV',
  `expire_time` timestamp NULL DEFAULT NULL,
  `created_time` timestamp NOT NULL DEFAULT CURRENT_TIMESTAMP ON UPDATE CURRENT_TIMESTAMP,
  `status` tinyint(4) NOT NULL DEFAULT '1',
  PRIMARY KEY (`id`),
  UNIQUE KEY `TOKEN_ACTION_UN` (`token`)
) ENGINE=InnoDB AUTO_INCREMENT=202 DEFAULT CHARSET=utf8;

-- Dumping data for table ySmdjxnAyh.TOKEN_ACTION: ~201 rows (approximately)
/*!40000 ALTER TABLE `TOKEN_ACTION` DISABLE KEYS */;
INSERT INTO `TOKEN_ACTION` (`id`, `token`, `user_id`, `type`, `expire_time`, `created_time`, `status`) VALUES
	(1, 'vpo2cyegyjobhxsmzluw6jktaex4zhvj6rncyqet', 11112187, 'EV', '2020-09-24 00:00:00', '2020-09-10 07:18:31', 0),
	(2, 're1pmwvcsavp2uryrpjtpmf5bigwbq7uvawgvtjm', 11112188, 'EV', '2020-09-24 00:00:00', '2020-09-15 02:57:03', 1),
	(3, 'xx1qjrzzec4afaxo4m3ucvqzxc5icfhh3rnqvjap', 11112191, 'EV', '2020-09-24 00:00:00', '2020-09-10 07:54:26', 0),
	(4, 'tw5tzu21lskkqxalkqgxyruceoa2weujauyjz0m9', 11112192, 'EV', '2020-09-24 00:00:00', '2020-09-10 08:03:10', 1),
	(5, 'kajhjdxpfxvzzj9dksaykjff36omwuc8n7f46ps1', 11112193, 'EV', '2020-09-24 00:00:00', '2020-09-10 08:05:05', 1),
	(6, 'mdjpwcnw8hon2g0hkpl9jijqtvklx0qkktzm0nkm', 11112194, 'EV', '2020-09-24 00:00:00', '2020-09-10 08:10:39', -1),
	(7, 'tzheuhpz4bywexw2ysahtf7w7ipsegwrevp1u79x', 11112196, 'EV', '2020-09-25 00:00:00', '2020-09-11 02:57:31', 1),
	(8, 'zxx1zqfw55tiisza9yucqat7lyuqoyqkxvgsnuav', 11112194, 'PR', '2020-09-25 00:00:00', '2020-09-11 03:24:47', 1),
	(9, 's0qethxjavzhcohvvnon0eynqtxui9htdjdvmydi', 11112194, 'PR', '2020-09-25 00:00:00', '2020-09-11 03:38:17', 1),
	(10, 'wfbtpjkcv9fnpkk72cawuqfqmqeqncczyzyj3aay', 11112202, 'EV', '2020-09-29 00:00:00', '2020-09-15 02:31:53', 1),
	(11, '5vcqascudkzok4hoatmwcwtsm6rr9io3zdowx4ko', 11112203, 'EV', '2020-09-29 00:00:00', '2020-09-15 02:33:58', 1),
	(12, 'idyqafjknnhvssstej3wqsvjzfpn1n0wfdzo9jev', 11112204, 'EV', '2020-09-29 00:00:00', '2020-09-15 02:36:59', 1),
	(13, '3eki1gqwqklzzxjhtfy5mmw1fwmjpy6eckly0mma', 11112205, 'EV', '2020-09-29 00:00:00', '2020-09-15 02:41:30', 1),
	(14, '9rv6poqpc9d1abtiz2lfap15gjbsbkjctbcbctet', 11112206, 'EV', '2020-09-29 00:00:00', '2020-09-15 02:42:16', 1),
	(15, 'pstp4zxfaqom7zhaqutmb9u0lbzi0jzbss5dti3n', 11112207, 'EV', '2020-09-29 00:00:00', '2020-09-15 02:43:47', 1),
	(16, 'zvalopjph1kqdvyaxxi4hahjhmi2g7mhmmp20o1w', 11112211, 'EV', '2020-09-29 00:00:00', '2020-09-15 03:35:19', -1),
	(17, 'i7o26pors7ss0jal41mlcsgscrulcpklbfzrv1ym', 11112214, 'EV', '2020-09-29 00:00:00', '2020-09-15 05:09:05', 1),
	(18, 'mnx1c9p7sctnbfthxgwpkiayiivph7ncvwhaqz16', 11112215, 'EV', '2020-09-29 00:00:00', '2020-09-15 05:09:48', -1),
	(19, 'mfikj2mrez7nfkdwai8c9uyqpcne6cu8pezmtivb', 11112215, 'PR', '2020-09-29 00:00:00', '2020-09-15 05:54:35', -1),
	(20, 'mr5zh6k7rjsfqm7enigdj1xakkg5s5kbrrywl9dy', 11112216, 'EV', '2020-09-29 00:00:00', '2020-09-15 06:08:47', 1),
	(21, 'ygxfzpiczh73g6d1qtzzdkegrfgtg4hfub6gicmn', 11112219, 'EV', '2020-09-29 00:00:00', '2020-09-15 07:24:15', 1),
	(22, 'qlwdsnraksq7n3bchrrudrwp3r4fjiqfutan3hsv', 11112221, 'EV', '2020-09-29 00:00:00', '2020-09-15 07:34:51', 1),
	(23, 'vsfsxakyxkbedbhicffsnuobeunkxgzrdypcgaap', 11112222, 'EV', '2020-09-29 00:00:00', '2020-09-15 07:35:47', -1),
	(24, 'xoj7ygtvpjmm1lerj2lskcglvqfuo7ws9wnabumc', 11112222, 'PR', '2020-09-29 00:00:00', '2020-09-15 07:37:09', -1),
	(25, 'ubtrgiskvu8tya3q3eux3wu8q9la2i8keyg9lwdq', 245719, 'PR', '2020-09-30 00:00:00', '2020-09-16 08:56:23', 1),
	(26, 'cfjxgujxelr9l09bte2yj2nmihedzhuqbn64b6oj', 11112227, 'EV', '2020-09-30 00:00:00', '2020-09-16 09:01:33', 1),
	(27, 'pdayl3s063novh2i7jhs2mkqi4e7ugery9492zmp', 11112228, 'EV', '2020-09-30 00:00:00', '2020-09-16 09:01:35', 1),
	(28, 'pjdi3cugk26w16duuicv3lpul8vvfhrnk1zsf5fp', 11112229, 'EV', '2020-09-30 00:00:00', '2020-09-16 09:01:37', 1),
	(29, 'owdlk2qmcr9uj1s99i7dnfdf4r49snmwndqsqdfv', 11112230, 'EV', '2020-09-30 00:00:00', '2020-09-16 09:02:07', 1),
	(30, 'swfnakvm74qqrvwlykp61zissu7vf5hnbtvih06f', 11112231, 'EV', '2020-09-30 00:00:00', '2020-09-16 09:04:26', 1),
	(31, 'iu6dlpe3w1ywd9ram7tz29hszhqijvu4wbt5m73z', 11112222, 'PR', '2020-09-30 00:00:00', '2020-09-16 09:06:35', -1),
	(32, 'p1ktnpdf2yyepfzsxma75sphtx6u8z2qb4sfqb3x', 245719, 'PR', '2020-09-30 00:00:00', '2020-09-16 09:07:25', 1),
	(33, 'dwwnux4kwqbbrwqbnizyg6flijrmo36ci35uuo1b', 11112232, 'EV', '2020-09-30 00:00:00', '2020-09-16 09:10:42', 1),
	(34, 'ggdnxne9ebsx1k8qglw276m6rpu3ra7qapaclwyx', 11112233, 'EV', '2020-09-30 00:00:00', '2020-09-16 09:46:03', 1),
	(35, 'kwnaypeggzvkzikwlbux9letjh9bylhsgmfgyqi3', 11112234, 'EV', '2020-09-30 00:00:00', '2020-09-16 09:46:49', 1),
	(36, 'wb8me5qekvh6f04ul9mggmmzdcum9tah4euvc97w', 11112236, 'EV', '2020-09-30 00:00:00', '2020-09-16 09:56:46', 1),
	(37, '2buhkst8a25uf1ekpf29idgxbgyfkdspafpbjr6g', 11112237, 'EV', '2020-09-30 00:00:00', '2020-09-16 10:02:16', 1),
	(38, '8jq9stroepp1uigs2b3wovi2in2zn4s9shimkbk6', 11112222, 'PR', '2020-09-30 00:00:00', '2020-09-16 10:10:25', 1),
	(39, 'e5nwsnrav2lzuvsdt4xrq5jekeljktecfz6b2toi', 11112239, 'EV', '2020-09-30 00:00:00', '2020-09-16 13:23:01', 1),
	(40, 'ysojoypv9dqirznv4x9wn6vcbfjqfj3fduzwebmj', 11112240, 'EV', '2020-09-30 00:00:00', '2020-09-16 13:27:43', 1),
	(41, 'y5vxggqwjsm5hxylolze7jggklisplchc4qrrfef', 11112240, 'EV', '2020-09-30 00:00:00', '2020-09-16 13:29:29', 1),
	(42, 'g9hwg4p5bx2wjsvhydhtiry4frvb25g4orscdxgt', 11112194, 'PR', '2020-10-01 00:00:00', '2020-09-17 03:59:05', -1),
	(43, 'f4dssaxj1mgl0xpc2oqh1zz53xxsftqsldsurjn8', 11112240, 'EV', '2020-10-01 00:00:00', '2020-09-17 05:53:31', -1),
	(44, 'arkpamqs7uzutrqupqiahdog5ogpqcnnqh5rjsnd', 11112240, 'EV', '2020-10-01 00:00:00', '2020-09-17 06:02:40', 1),
	(45, 'ilovosp0en6rals578irjsrvwdgv3zrljtk3pzu8', 11112222, 'PR', '2020-10-02 00:00:00', '2020-09-18 02:18:47', -1),
	(46, 'd1zyzqykiow8lhjiemzxlvvnkhx0x2b0h47ch3tt', 11112222, 'PR', '2020-10-02 00:00:00', '2020-09-18 02:45:59', -1),
	(47, 's4m7kpmdmhlrlvze1jfkgsbpvyt9jkjg5eoim910', 11112263, 'EV', '2020-10-02 00:00:00', '2020-09-18 03:15:35', -1),
	(48, 'fmqz7n7p9eokdnd62remgxrkcku35x64nxzmgzk1', 11112263, 'PR', '2020-10-02 00:00:00', '2020-09-18 03:25:05', 1),
	(49, 'bzolv2kxrnrroql6ssnp8tndbjotmhsaweyybgxl', 11112222, 'PR', '2020-10-02 00:00:00', '2020-09-18 03:34:07', -1),
	(50, 'fjfb7bsalrvqkjztkkbrxbmugby013src73awv5j', 11112273, 'EV', '2020-10-02 00:00:00', '2020-09-18 08:12:05', 1),
	(51, 'c5gs6zvcsiocgiduknazolac34wo1jtbterg2iaf', 11112274, 'EV', '2020-10-02 00:00:00', '2020-09-18 08:14:23', -1),
	(52, 'eojjxl2hakxwf7dnswlsl0lbyb7qaepr2hlcjsvf', 11112274, 'PR', '2020-10-02 00:00:00', '2020-09-18 08:17:30', -1),
	(53, 'ubxm0e1vcmteozvgbkkdyhakdpnud6og4ut7c8da', 11112277, 'EV', '2020-10-02 00:00:00', '2020-09-18 08:59:44', -1),
	(54, 'auz8rgchhhgsu7aub59it59ooxnktlbceya8lil7', 11112283, 'EV', '2020-10-02 00:00:00', '2020-09-18 09:40:53', 1),
	(55, 'awyhwm2jycmv1jkzqhgkrqoywq0aywcireftghrx', 11112284, 'EV', '2020-10-02 00:00:00', '2020-09-18 09:41:13', -1),
	(56, 'ci98rrzjuo9v4gongavzsvcmrle8mrhrdmmw8jmi', 11112284, 'EV', '2020-10-02 00:00:00', '2020-09-18 09:41:29', 1),
	(57, 'rpri2tihwgd8i6nmd2l1en5mlxbntlpwldejgqau', 11112331, 'EV', '2020-10-06 00:00:00', '2020-09-22 09:36:41', 1),
	(58, 'qf3oikhirdmhpukaeb2wxfpwwnswcv6gtrz7b3gp', 11112332, 'EV', '2020-10-06 00:00:00', '2020-09-22 09:46:21', -1),
	(59, 'oa2pqopajkmwqhaffnwmcdxu45esl6qukxe7mut1', 11112333, 'EV', '2020-10-06 00:00:00', '2020-09-22 10:42:24', -1),
	(60, '16vdint7ly1a5v2pttkyejattcarguzcyk0sswbq', 11112334, 'EV', '2020-10-06 00:00:00', '2020-09-22 11:12:32', -1),
	(61, 'zxgj1pwugt3yr9vkjqs9wnivr93zg6pzodeqpp2x', 11112335, 'EV', '2020-10-06 00:00:00', '2020-09-22 11:16:47', -1),
	(62, '2u1rcmkcq5xfcbmio98c1gx94jd1cgbqs6xkb031', 11112337, 'EV', '2020-10-06 00:00:00', '2020-09-22 11:18:41', -1),
	(63, 'gqy7nyee3esq3lcl8pdr0zrhff7nkce06ztt3bn7', 11112338, 'EV', '2020-10-06 00:00:00', '2020-09-22 11:20:08', -1),
	(64, 'exp2rjh5prnmvduzww6dnveruwtnghfsczfmb9aj', 11112222, 'PR', '2020-10-07 00:00:00', '2020-09-23 03:43:09', 1),
	(65, 'wtnsfwfuea4tlosyykoljz7kzkc7m4r3oao1gt8j', 11112222, 'PR', '2020-10-07 00:00:00', '2020-09-23 03:44:51', 1),
	(66, 'ln4rc0av7sy9pmwobpro23fhwxoabr9c5ccz77bb', 11112343, 'EV', '2020-10-07 00:00:00', '2020-09-23 04:01:08', 1),
	(67, 'qgtusrgzg1hnu0dxosdqcfq1nvbmr04ed525n8es', 11112344, 'EV', '2020-10-07 00:00:00', '2020-09-23 04:02:41', 1),
	(68, 'dqd8rwwmlh5ps0nt3io6hwsfuqqohqge3jwv2xq9', 11112345, 'EV', '2020-10-07 00:00:00', '2020-09-23 04:10:12', 1),
	(69, 'w4f1zhvlqmejzwfmhbksaid0s0bxehihmjzscjrg', 11112346, 'EV', '2020-10-07 00:00:00', '2020-09-23 04:18:00', 1),
	(70, 'beiccresv5umkbbyldpqcupvwmgyulhd8laej6wz', 11112346, 'EV', '2020-10-07 00:00:00', '2020-09-23 04:21:35', 1),
	(71, 'scoqwrc1mbwrkil9b9mqstndeguwuftqx3wnkb3e', 11112346, 'EV', '2020-10-07 00:00:00', '2020-09-23 04:21:49', 1),
	(72, '3i8wkxxgzf6wkemcaskexar0mvisyq8ky3m5enmj', 11112347, 'EV', '2020-10-07 00:00:00', '2020-09-23 04:22:27', 1),
	(73, 'jvcsavgek0aqbohc4ymcqhvwfnesenpablp2fv8e', 11112347, 'EV', '2020-10-07 00:00:00', '2020-09-23 04:22:52', 1),
	(74, 'wnjldnrrvax6mpbsopphci030xpl00f61vtm0o5y', 11112332, 'PR', '2020-10-07 00:00:00', '2020-09-23 10:00:11', -1),
	(75, 'smbgd7nbsa23wwsnvv8iqbrpmfo9b1xjyorf7ajs', 11112357, 'EV', '2020-10-07 00:00:00', '2020-09-23 10:00:25', 1),
	(76, 'tt7puz5dppvbitbq0j38waaxftkenhsjysbrscim', 11112357, 'EV', '2020-10-07 00:00:00', '2020-09-23 10:01:32', 1),
	(77, 'bimcuxnrraabhl4tsqchkgmqeaefw0iy3ewkl2vy', 11112358, 'EV', '2020-10-07 00:00:00', '2020-09-23 10:04:41', -1),
	(78, 'dvnixuyadmjapec4d21jvdncl0hnyyowrdjrfxov', 11112337, 'PR', '2020-10-09 00:00:00', '2020-09-25 03:54:18', -1),
	(79, 'c4hbvhwgoi2oikjylwzgwqts1xlfdqtjkkqjgcs6', 11112332, 'PR', '2020-10-21 00:00:00', '2020-10-07 03:25:50', 1),
	(80, 'ujff78ht1joohcpwt687zedfjmasmaleewl5xmib', 11112332, 'PR', '2020-10-21 00:00:00', '2020-10-07 03:28:47', 1),
	(81, 'rekeubgmehjvhx3ihbypvquavsyoikaiwnsolmzd', 11112510, 'EV', '2020-10-28 00:00:00', '2020-10-14 04:28:17', 1),
	(82, 'bg2quconouktsylhpfybaccvl418gpszdxzpt1nm', 11112284, 'PR', '2020-10-28 00:00:00', '2020-10-14 06:31:15', 1),
	(83, 'efgaj0bbvpbitkf0ifhfgoop8wpz7mstne7zznyh', 11112284, 'PR', '2020-10-28 00:00:00', '2020-10-14 07:15:30', 1),
	(84, 'wzdblksgalg9ujiuxaliesfqdaaeljvvqfz0su15', 11112284, 'PR', '2020-10-28 00:00:00', '2020-10-14 07:16:20', 1),
	(85, 'pmo77hurewkgh0tjw9icfumgao2t6ix6mlpiiuae', 11112284, 'PR', '2020-10-28 00:00:00', '2020-10-14 07:21:06', 1),
	(86, 'kpmb7gr8rif7zurc9qku3z9f4y8d0zmwbfeenatm', 11112284, 'PR', '2020-10-28 00:00:00', '2020-10-14 07:35:17', 1),
	(87, 'h4en0vngtjun01uuyc6jqcy7tlnbiurggml2ee4f', 11112284, 'PR', '2020-10-28 00:00:00', '2020-10-14 07:35:36', 1),
	(88, 'y3m3y6tddwsli8mmnrr4znyfzxiu3kjvzx9rqckh', 11112284, 'PR', '2020-10-28 00:00:00', '2020-10-14 09:57:12', 1),
	(89, 'hnnvpbarxyvtkj8l7gbbp26svvcnoj34jlywrxeg', 11112284, 'PR', '2020-10-28 00:00:00', '2020-10-14 09:58:59', 1),
	(90, 'tbtv4bne8q75n8ur96gjabgtgsakd8sfgyiwgwbi', 11112284, 'PR', '2020-10-28 00:00:00', '2020-10-14 10:00:08', 1),
	(91, '9vbi0qkhdzabt3jbeya1txlafxhtlqoiav0wagbj', 11112537, 'EV', '2020-11-04 00:00:00', '2020-10-21 04:00:32', 1),
	(92, 'tuggf6gqyrpo7qr3npglz6j7etjwwf2k0vtl0syy', 11112537, 'EV', '2020-11-04 00:00:00', '2020-10-21 04:06:20', -1),
	(93, '0pwbj4f2nluqztabqldqbnqnmru8wzh5bpilrdp4', 11112538, 'EV', '2020-11-04 00:00:00', '2020-10-21 04:07:26', 1),
	(94, 'asgsimutrvfhcoepfz9dxofxxadzysxnvs2qfr1b', 11112537, 'EV', '2020-11-04 00:00:00', '2020-10-21 04:08:13', 1),
	(95, 'snw11djwxsieyactnixwbi9esz9ydl1wif6vv7zi', 11112540, 'EV', '2020-11-04 00:00:00', '2020-10-21 04:36:17', 1),
	(96, 'skypmou7uxxfne1ntbv5fhuzxpqhlg26w3vfvmov', 11112540, 'EV', '2020-11-04 00:00:00', '2020-10-21 04:52:08', -1),
	(97, 'ahmvbe4wcdcdc16fagijcirnna14s3wcgnafjl58', 11112541, 'EV', '2020-11-04 00:00:00', '2020-10-21 05:03:14', -1),
	(98, 'dcqdvxa3sw7cfkmnjooktopetjfgtxgyhodoxry3', 11112542, 'EV', '2020-11-04 00:00:00', '2020-10-21 06:15:04', -1),
	(99, 'bcwvycjfcovj2g1xgfykgqpyeiucfgd23nakljoy', 11112227, 'EV', '2020-11-05 00:00:00', '2020-10-22 09:36:04', -1),
	(100, 'xbj9ie1sn5p34j3qda8aa5vazvh1c0q4fqmfn3d9', 11112227, 'PR', '2020-11-05 00:00:00', '2020-10-22 09:38:25', 1),
	(101, 'jehwqvw7zcqemtyfwslao1e5o3z8ygdnxaexfnk4', 11112564, 'EV', '2020-11-06 00:00:00', '2020-10-23 07:09:09', -1),
	(102, 'wylxoro2ejrj2rki8xuwqxxymkows1feoto2ypha', 11112541, 'PR', '2020-11-07 00:00:00', '2020-10-24 06:39:56', -1),
	(103, '0aksh982l1bzatp3kuseepolyxbyzurnq9e1fzbp', 11112541, 'PR', '2020-11-07 00:00:00', '2020-10-24 06:50:53', 1),
	(104, 'ypyi8jowbnafrw5iprcvwph40scaamgs4lyffmpg', 11112227, 'PR', '2020-11-10 00:00:00', '2020-10-27 04:51:30', 1),
	(105, 'asjxmka7ddmeuge9eqctofmdbcanwkmhexeoxz7v', 11112619, 'EV', '2020-11-20 00:00:00', '2020-11-06 03:56:43', 1),
	(106, 'pjcetcxy9u9ur9qpachgrfgwukakywviq2loujer', 11112620, 'EV', '2020-11-20 00:00:00', '2020-11-06 03:59:19', 1),
	(107, 'ox4xecurh9ehkp9mfcmrtvnattg3d0g7ecii8np1', 11112619, 'EV', '2020-11-20 00:00:00', '2020-11-06 03:59:19', 1),
	(108, '01hmoe8z80dqrjirvhh8p5ngiqny9f9asngbzh9e', 11112619, 'EV', '2020-11-20 00:00:00', '2020-11-06 04:00:11', 1),
	(109, 'jgxnmfkwm26snwhktffgae8k3zxoraaus2b8rt5v', 11112619, 'EV', '2020-11-20 00:00:00', '2020-11-06 04:02:02', 1),
	(110, 'ceciumlfcc4h7lkculx8yonbvf75joshoxbztrfz', 11112564, 'PR', '2020-11-27 00:00:00', '2020-11-13 03:36:47', 1),
	(111, '3uvungexv27wpuj3g5qoyahoeuzeogdqv3d54igc', 11112229, 'EV', '2020-12-01 00:00:00', '2020-11-17 02:31:40', -1),
	(112, 'fwrlpqog3muinmqdb98dhejhgbwmhkunqbd8wydv', 11112332, 'PR', '2020-12-02 00:00:00', '2020-11-18 04:08:39', -1),
	(113, 'tv0s8px80vhvuttrpagpoiqpuoqloki43hkluk7b', 11112667, 'EV', '2020-12-03 00:00:00', '2020-11-19 05:09:19', -1),
	(114, 'nc9raweho6tfngrivheyjyoxeq1czskmblhgvbq8', 11112667, 'EV', '2020-12-03 00:00:00', '2020-11-19 05:10:06', 1),
	(115, 'hsctncbxhjxucembtijfjnyu4q1vyguvnmroualj', 11112541, 'PR', '2020-12-07 00:00:00', '2020-11-23 09:29:07', -1),
	(116, 'g89dt1lgidurg7dmc5psa9dqvanbbva5ptahakmb', 11112619, 'PR', '2020-12-11 00:00:00', '2020-11-27 08:37:36', 1),
	(117, '8q1fvswdsrp2rcqo2zrxypjs4jasrdvbcszpvp7o', 11112619, 'PR', '2020-12-14 00:00:00', '2020-11-30 07:56:38', 1),
	(118, '8t81xfsuede9qmcjwxpkvwm6qnw3bf20jfetfdi7', 11112541, 'PR', '2020-12-14 00:00:00', '2020-11-30 08:12:02', -1),
	(119, '2z1scn6wkm3rflgowqxfha8quflsfixn25pyib8f', 11112619, 'PR', '2020-12-14 00:00:00', '2020-11-30 08:16:21', 1),
	(120, 'pnewkjb6hmmlsifxu7xoerpilrsyn3euygqtwldd', 11112685, 'EV', '2020-12-17 00:00:00', '2020-12-03 02:38:26', 1),
	(121, 'er6bwqcuupypamheadckr7bn3cuozhfp5q0xb8ek', 11112686, 'EV', '2020-12-17 00:00:00', '2020-12-03 03:12:34', -1),
	(122, 'ulny6qcbywmwltcjlmsewqlc9o2zcukequuuwpzo', 11112687, 'EV', '2020-12-17 00:00:00', '2020-12-03 03:17:40', -1),
	(123, 'tclzvxdvygercqhbpf5tbw9qyblbfqtg4i7zmzqy', 11112232, 'EV', '2020-12-17 00:00:00', '2020-12-03 03:30:22', 1),
	(124, '0otvksnjkils3xyafi9v6ifnjpzeyfy2p0mzz6dl', 11112232, 'EV', '2020-12-17 00:00:00', '2020-12-03 03:32:27', 1),
	(125, 'ls1pkzot5dss67tpsvi4smzkvrj0vrnwt5xvxzhi', 11112689, 'EV', '2020-12-17 00:00:00', '2020-12-03 08:40:32', 1),
	(126, 'ahdmm8exdzdhezwyrmixrllahmsmusdcsfn3uetl', 11112690, 'EV', '2020-12-17 00:00:00', '2020-12-03 08:45:38', 1),
	(127, 'mxlu2inxkhkayk404gausfrufnihydlc4gs7x6mv', 11112691, 'EV', '2020-12-17 00:00:00', '2020-12-03 08:50:23', 1),
	(128, 'mfc2vajmlltwro3o4opxiyazvdsrtdne0ac90tcx', 11112692, 'EV', '2020-12-17 00:00:00', '2020-12-03 08:51:44', 1),
	(129, 'kmb2skc54yybgdvlgldmwdfyhyrjiptfmb1rfvcm', 11112570, 'EV', '2020-12-17 00:00:00', '2020-12-03 08:53:47', 1),
	(130, '2twpl7wjrpelo1v4ax3wsgi4hk7rexlitusxkihk', 11112693, 'EV', '2020-12-17 00:00:00', '2020-12-03 08:54:29', 1),
	(131, 'xzgh3nnqrm2ipwcz7vpfjwzzwnthgnf5vdr5qtqo', 11112694, 'EV', '2020-12-17 00:00:00', '2020-12-03 08:56:28', 1),
	(132, 'etckkztmddhgf7urec5utcutqi6hvzuywd7fv5pk', 11112695, 'EV', '2020-12-17 00:00:00', '2020-12-03 09:24:33', 1),
	(133, 'yxk4deotbyuytbukkncicoytnepazf7fuzfhalgu', 11112696, 'EV', '2020-12-17 00:00:00', '2020-12-03 09:25:08', 1),
	(134, 'ldzhpmfnyvaoedowgiqeiaf6jeaopnijopt7fcxy', 11112696, 'EV', '2020-12-17 00:00:00', '2020-12-03 09:25:29', 1),
	(135, 'lystmkczrxyijr6xim4vyi3wco45zpfc7drieedl', 11112696, 'EV', '2020-12-17 00:00:00', '2020-12-03 09:25:40', 1),
	(136, 'smsqqlpzoygktm7vakjf3heqlbal7bkjqwcaxi6t', 11112696, 'EV', '2020-12-17 00:00:00', '2020-12-03 09:25:59', 1),
	(137, 'kqmcptdfietbfwbs0wqw0mg3nip39beefq8hta3a', 11112697, 'EV', '2020-12-17 00:00:00', '2020-12-03 09:31:58', 1),
	(138, 'b8hpv8xg4kqckzdv6m0iradilhcuhvuwsmcoqyuy', 11112698, 'EV', '2020-12-17 00:00:00', '2020-12-03 09:46:43', 1),
	(139, 'segbbainzpeg5sil8vdgrlhmcvjbhcsexmq8q8kr', 11112699, 'EV', '2020-12-17 00:00:00', '2020-12-03 09:47:12', 1),
	(140, 'slexacuxzsazh0nylgiahhu2oyinkpjd2fap9p5o', 11112700, 'EV', '2020-12-17 00:00:00', '2020-12-03 09:47:41', 1),
	(141, 'klrugkmevog7gx8kyc7egjzjj3kggeo41abwsm59', 11112701, 'EV', '2020-12-17 00:00:00', '2020-12-03 09:48:12', 1),
	(142, '2qo4ok4bjnelvv3ixfwcr4ox4rt3midqmpjssoui', 11112702, 'EV', '2020-12-17 00:00:00', '2020-12-03 09:49:13', 1),
	(143, 'ekkpgv8xq59ghweimkddw8qz4mak0bev8mcjkkq6', 11112702, 'EV', '2020-12-17 00:00:00', '2020-12-03 10:11:35', 1),
	(144, 'gc7msdtbvtppihz7jyikw351qphxbt0twsrxkixi', 11112703, 'EV', '2020-12-18 00:00:00', '2020-12-04 03:03:46', 1),
	(145, 'gzeyatjzccbbshms1mh2eo9iowiglyr40hwggasg', 11112704, 'EV', '2020-12-18 00:00:00', '2020-12-04 06:56:19', 1),
	(146, 'rstmbdikosxhkrag0btyixbcmctnrthkrpclo7rz', 11112716, 'EV', '2020-12-22 00:00:00', '2020-12-08 02:04:50', 1),
	(147, 'ipqu3gjjhbrexrpwvcudvgv9ghentwmh0ala2wyv', 11112716, 'EV', '2020-12-22 00:00:00', '2020-12-08 02:04:59', 1),
	(148, 'f3ixliqpl3beblpojztxmso9cqivwpw6enz69e8t', 11112722, 'EV', '2020-12-22 00:00:00', '2020-12-08 06:34:12', 1),
	(149, 'nkp5r3qddqzsnrxsk1miersj2jeinrysltfztlef', 11112723, 'EV', '2020-12-22 00:00:00', '2020-12-08 06:35:02', 1),
	(150, 'lfff4d6zbv69gqsiiakhobma0r6sni8eglrrqb5s', 11112724, 'EV', '2020-12-22 00:00:00', '2020-12-08 06:36:40', 1),
	(151, 'xd7t1u1rh8cx0lhfqlydkwj82fu68cg0lbvr12bu', 11112724, 'EV', '2020-12-22 00:00:00', '2020-12-08 06:38:37', 1),
	(152, 'gx36a2bdofzmibfeqfrzp2wtgxyzpmrdlnsveerv', 11112723, 'EV', '2020-12-22 00:00:00', '2020-12-08 06:44:46', 1),
	(153, '9sm0fwitrzy7emwnr37iwgkuecoo6zlwym19l1oq', 11112725, 'EV', '2020-12-22 00:00:00', '2020-12-08 06:58:43', 1),
	(154, 'rxu20ccnkdvncny8zvbsjfssyo70csf3zmswulvr', 11112570, 'EV', '2020-12-22 00:00:00', '2020-12-08 07:17:34', 1),
	(155, '0xsywqdkwo75nxmbgysj4hszejcjabnko0bqozyg', 11112691, 'EV', '2020-12-22 00:00:00', '2020-12-08 07:17:46', 1),
	(156, 'leqbcigaafruwuoard3ggmupxxkah9bzzbulh5qp', 11112691, 'EV', '2020-12-22 00:00:00', '2020-12-08 07:19:06', 1),
	(157, 'amfswl9z2oh7e0pdhfl1uckezm58poqqnxqtsujq', 11112726, 'EV', '2020-12-22 00:00:00', '2020-12-08 07:25:20', 1),
	(158, 'qzexsslvnieokbbu0h9xbxtszrvumctyflnltvxg', 11112727, 'EV', '2020-12-22 00:00:00', '2020-12-08 07:36:03', 1),
	(159, 'mlieyn21jcjtmmpmrsck8gok7e3buhohzjxk1wfq', 11112728, 'EV', '2020-12-22 00:00:00', '2020-12-08 07:37:15', 1),
	(160, 'uytfxh9usrpcvgx3psekalbr3whcup5ccyr7ahod', 11112728, 'EV', '2020-12-22 00:00:00', '2020-12-08 07:37:21', 1),
	(161, '5sk1dwsvenyfms742sk2lyrdtg8dr05fazwch5zd', 11112728, 'EV', '2020-12-22 00:00:00', '2020-12-08 07:37:31', 1),
	(162, '62v13k1iep6jfvoj4cd1bs2ug5pef4jg9rkfwdmw', 11112729, 'EV', '2020-12-22 00:00:00', '2020-12-08 07:41:17', 1),
	(163, 'fb44en4lpco7jsahom9zgnqsoczoqitpb3ab8l1a', 11112723, 'EV', '2020-12-22 00:00:00', '2020-12-08 07:47:26', 1),
	(164, 'agbnf5aivibsffoqmcp2s5qdv80xijyizfjojmu0', 11112730, 'EV', '2020-12-22 00:00:00', '2020-12-08 08:09:50', 1),
	(165, 'f9f1ms4ii9of4ddxbapjionjbr30mwi7uvjnnlwa', 11112730, 'EV', '2020-12-22 00:00:00', '2020-12-08 08:11:44', 1),
	(166, 'clzfpmsj8xl2fozphillmrsemeytxba8zwlphfnd', 11112730, 'EV', '2020-12-22 00:00:00', '2020-12-08 08:11:51', 1),
	(167, 'nttarquvp0cd8zn81e8yuay8spufebaehny2hvaj', 11112730, 'EV', '2020-12-22 00:00:00', '2020-12-08 08:13:12', 1),
	(168, 'fc7ooy4dispkaxhpbl31ua0ymz69q6ulq8ecqt5o', 11112730, 'EV', '2020-12-22 00:00:00', '2020-12-08 08:37:48', -1),
	(169, 'uq4zr3giaidpcsoefkgnnuck1skkq876hl1643f9', 11112723, 'EV', '2020-12-22 00:00:00', '2020-12-08 08:47:17', 1),
	(170, 'otpckux4vt96ytwcrcll3xgtzxx6bwsqy2lbxkq4', 11112731, 'EV', '2020-12-22 00:00:00', '2020-12-08 08:49:14', 1),
	(171, '9usekox8cb5ah3o2re24sz6ukx4vva9lq5nr25lj', 11112732, 'EV', '2020-12-22 00:00:00', '2020-12-08 08:49:35', 1),
	(172, 'aqt2eg6zmlq02rsh1wgedrpfxtkkxb8uet7pwxuf', 11112733, 'EV', '2020-12-22 00:00:00', '2020-12-08 08:53:35', -1),
	(173, 'j1vslxct4bisuvxmorotfo7hvlrc3kkicgptw15r', 11112734, 'EV', '2020-12-22 00:00:00', '2020-12-08 09:16:32', -1),
	(174, 'mnsmvj4xtqaakpgss9lzwccpdfurxujkkt240tz4', 11112739, 'EV', '2020-12-22 00:00:00', '2020-12-08 10:52:47', 1),
	(175, 'hozn15hqtrviiphtozxbipardzj4wpj4xiirliwi', 11112745, 'EV', '2020-12-23 00:00:00', '2020-12-09 07:15:58', -1),
	(176, 'km4aliyklpiktjubguzrxe1nnnn822kxp2ecyxmm', 11112510, 'EV', '2020-12-23 00:00:00', '2020-12-09 08:40:14', -1),
	(177, 'v7yswajia3gunrzxxdettuggefttklhsyxo92dju', 11112766, 'EV', '2020-12-23 00:00:00', '2020-12-09 09:44:03', 1),
	(178, 'ax1yacna9yugwtv5mc3uajubbmbdb5tpbi1ustia', 11112769, 'EV', '2020-12-23 00:00:00', '2020-12-09 10:31:55', 1),
	(179, 'balikpbx9qys4fiwp2cjh4bw4lgpgfqppoycedbh', 11112770, 'EV', '2020-12-23 00:00:00', '2020-12-09 10:32:19', 1),
	(180, '1dseqqh6nhyiwue8ag9b6fdmqgzfwmxdkx6sawiq', 11112900, 'EV', '2020-12-28 00:00:00', '2020-12-14 02:02:32', -1),
	(181, 'opmyopryr4wu7krlpjxhqghwftvgsjgyet8vivh1', 11112900, 'PR', '2020-12-28 00:00:00', '2020-12-14 02:15:57', 1),
	(182, 'h514h8mhrrdytzlilg8pj5h6ncfz1ru22jamjr93', 11112332, 'PR', '2020-12-28 00:00:00', '2020-12-14 08:19:58', -1),
	(183, 'x9tewekz9mjllp7umdixnb9udlzuluvucmc7izqc', 11112957, 'EV', '2021-01-05 00:00:00', '2020-12-22 02:43:19', 1),
	(184, 'd3qt0fhlwde7xkgqgqzbzxyetjmpsyziyaq8l0no', 11112958, 'EV', '2021-01-05 00:00:00', '2020-12-22 02:44:03', 1),
	(185, 'dx6draorhaisreqrr9wbb7lhyyvdyytcehyz2xzh', 11112229, 'PR', '2021-01-05 00:00:00', '2020-12-22 03:10:58', 1),
	(186, 'fyowz1hqo6b87yjw72szb0yqgqopyejkti20eeni', 11112961, 'EV', '2021-01-05 00:00:00', '2020-12-22 03:55:42', -1),
	(187, 'nqbktjufrxfzqzlim9sh76bdfrlb8te9nlmr4osn', 11112963, 'EV', '2021-01-05 00:00:00', '2020-12-22 09:46:39', -1),
	(188, 'rjeu3nxhqebjwaaicdjqgmjcyph3izpffd3txiow', 11112969, 'EV', '2021-01-06 00:00:00', '2020-12-23 10:27:53', -1),
	(189, 'xe4sfplwbhrh66ck8isyfabh6uqznhtmglcb768b', 11112972, 'EV', '2021-01-07 00:00:00', '2020-12-24 02:24:06', -1),
	(190, 'we8dxxmivzsqlhzixv53w7onqwqezjnbar2zkjuz', 11112730, 'PR', '2021-01-07 00:00:00', '2020-12-24 03:51:00', 1),
	(191, 'crxtvbvokrz7yrc4bdelzxyd3s8e6f10pjh2edgu', 11112541, 'PR', '2021-01-07 00:00:00', '2020-12-24 03:59:31', 1),
	(192, 'kf6qqfyrpoojj2mcoym2v7dhvulcr8vubbwwo8rl', 11112541, 'PR', '2021-01-07 00:00:00', '2020-12-24 04:00:30', 1),
	(193, 'v8r99ntdo74gcv0dhiajr3sscogvrt48mvrxwfr6', 11112541, 'PR', '2021-01-07 00:00:00', '2020-12-24 04:01:06', 1),
	(194, 'ojmpxd08u0wipjnu37jthsgb6oloefss1n0whckx', 11112541, 'PR', '2021-01-07 00:00:00', '2020-12-24 04:10:53', 1),
	(195, 'negos9dw10rqjbowjm2z1jgilybnndszgobohikf', 11112984, 'EV', '2021-01-08 00:00:00', '2020-12-25 03:53:50', -1),
	(196, 'ur9h7x5t2xe3aqdgyp5um7rwijmuunbctwphog7n', 11112985, 'EV', '2021-01-08 00:00:00', '2020-12-25 04:00:40', 1),
	(197, 'z9oh14uljshho5ywuws5rljkhwcnljquc6wb6st1', 11112989, 'EV', '2021-01-08 00:00:00', '2020-12-25 10:48:46', -1),
	(198, 'uobs3eipuwhjciloglj8dvi2l2asbgggpixezztp', 11112989, 'PR', '2021-01-08 00:00:00', '2020-12-25 11:00:48', 1),
	(199, 'rigvlqdiznkp6riwrvwdc1xgiww7mz2e0n1rjkwk', 11112989, 'PR', '2021-01-08 00:00:00', '2020-12-25 11:02:50', -1),
	(200, 'kddbseu4db4ckwhfgkamjarbvewb4tq4itvp4hgy', 11112541, 'PR', '2021-01-13 00:00:00', '2020-12-30 01:34:46', 1),
	(201, 'pdgafuqkrkyozpm6mmqawirvbpownm3lbjzxorwm', 11112541, 'PR', '2021-01-18 00:00:00', '2021-01-04 06:32:05', 1);
/*!40000 ALTER TABLE `TOKEN_ACTION` ENABLE KEYS */;

-- Dumping structure for table ySmdjxnAyh.USER_ROLE
CREATE TABLE IF NOT EXISTS `USER_ROLE` (
  `ID` bigint(20) NOT NULL AUTO_INCREMENT,
  `ROLE_ID` bigint(20) NOT NULL,
  `USER_ID` bigint(20) NOT NULL,
  PRIMARY KEY (`ID`),
  KEY `USER_ROLE_FK` (`ROLE_ID`),
  KEY `USER_ROLE_FK_1` (`USER_ID`),
  CONSTRAINT `USER_ROLE_FK` FOREIGN KEY (`ROLE_ID`) REFERENCES `SE_ROLE` (`id`)
) ENGINE=InnoDB AUTO_INCREMENT=890 DEFAULT CHARSET=utf8;

-- Dumping data for table ySmdjxnAyh.USER_ROLE: ~612 rows (approximately)
/*!40000 ALTER TABLE `USER_ROLE` DISABLE KEYS */;
INSERT INTO `USER_ROLE` (`ID`, `ROLE_ID`, `USER_ID`) VALUES
	(1, 1, 1),
	(3, 3, 1),
	(4, 1, 247068),
	(5, 3, 247068),
	(18, 18, 1),
	(19, 19, 247068),
	(22, 21, 247068),
	(23, 18, 247068),
	(24, 7, 3),
	(25, 11, 3),
	(26, 1, 3),
	(27, 3, 247075),
	(29, 3, 247076),
	(31, 21, 245730),
	(32, 3, 245730),
	(33, 18, 245730),
	(37, 31, 247068),
	(38, 32, 247075),
	(39, 1, 245711),
	(40, 1, 245713),
	(41, 1, 245714),
	(42, 1, 245715),
	(43, 1, 245717),
	(44, 1, 245718),
	(45, 1, 245719),
	(46, 1, 245722),
	(47, 1, 245729),
	(48, 1, 245731),
	(49, 1, 245732),
	(50, 1, 245733),
	(51, 1, 245735),
	(52, 1, 245736),
	(53, 1, 245737),
	(54, 1, 245742),
	(55, 1, 245743),
	(56, 1, 245754),
	(57, 1, 245757),
	(58, 1, 245758),
	(59, 1, 245761),
	(60, 1, 245762),
	(61, 1, 245766),
	(62, 1, 245767),
	(63, 1, 245774),
	(64, 1, 246988),
	(65, 1, 246997),
	(66, 1, 247012),
	(67, 1, 247024),
	(68, 1, 247036),
	(69, 1, 247037),
	(70, 1, 247038),
	(71, 1, 247046),
	(72, 1, 247058),
	(73, 1, 247067),
	(74, 1, 247068),
	(75, 1, 247096),
	(76, 1, 247158),
	(77, 1, 247160),
	(78, 1, 247225),
	(79, 1, 247232),
	(80, 1, 247235),
	(81, 1, 247236),
	(82, 1, 247201),
	(83, 1, 1),
	(84, 1, 245720),
	(85, 1, 247267),
	(86, 1, 11111239),
	(87, 1, 245721),
	(88, 1, 11111468),
	(89, 11, 245711),
	(90, 11, 245713),
	(91, 11, 245714),
	(92, 11, 245715),
	(93, 11, 245717),
	(94, 11, 245718),
	(95, 11, 245719),
	(96, 11, 245728),
	(97, 11, 245729),
	(98, 11, 245731),
	(99, 11, 245732),
	(100, 11, 245733),
	(101, 11, 245736),
	(102, 11, 245737),
	(103, 11, 245742),
	(104, 11, 245743),
	(105, 11, 245754),
	(106, 11, 245757),
	(107, 11, 245761),
	(108, 11, 245762),
	(109, 11, 245767),
	(110, 11, 245774),
	(111, 11, 246988),
	(112, 11, 246994),
	(113, 11, 246997),
	(114, 11, 247036),
	(115, 11, 247038),
	(116, 11, 247046),
	(117, 11, 247068),
	(118, 11, 247083),
	(119, 11, 247143),
	(120, 11, 247160),
	(121, 11, 247200),
	(122, 11, 247209),
	(123, 11, 247225),
	(124, 11, 247229),
	(125, 11, 247232),
	(126, 11, 247235),
	(127, 11, 247236),
	(128, 11, 247201),
	(129, 11, 247210),
	(130, 11, 245720),
	(131, 11, 247269),
	(132, 11, 247026),
	(133, 11, 247221),
	(134, 11, 11111153),
	(135, 11, 247223),
	(136, 11, 11111165),
	(137, 11, 247213),
	(138, 11, 11111176),
	(139, 11, 247170),
	(140, 11, 11111199),
	(141, 11, 11111159),
	(142, 11, 11111210),
	(143, 11, 247043),
	(144, 22, 245724),
	(145, 22, 245736),
	(146, 22, 245767),
	(147, 22, 247009),
	(148, 22, 247014),
	(149, 22, 247046),
	(150, 22, 247160),
	(151, 22, 247235),
	(152, 22, 247201),
	(153, 22, 247202),
	(154, 22, 247139),
	(155, 22, 11111197),
	(156, 22, 11111467),
	(157, 34, 247068),
	(158, 38, 11111591),
	(159, 38, 247046),
	(160, 21, 11111133),
	(161, 21, 11111859),
	(162, 21, 11111867),
	(163, 34, 1),
	(164, 34, 247046),
	(165, 21, 11111910),
	(166, 44, 11111912),
	(167, 43, 11111912),
	(168, 41, 11111913),
	(169, 41, 11111914),
	(174, 31, 245759),
	(178, 11, 245759),
	(179, 3, 247068),
	(180, 7, 247068),
	(181, 8, 247068),
	(182, 3, 247075),
	(184, 37, 245730),
	(185, 41, 11111927),
	(186, 41, 11111928),
	(189, 41, 11111957),
	(190, 41, 11111856),
	(191, 41, 11111938),
	(192, 45, 247068),
	(193, 45, 245730),
	(194, 46, 247068),
	(195, 41, 11111981),
	(196, 43, 11111987),
	(197, 43, 11111988),
	(198, 43, 11111989),
	(199, 43, 11111990),
	(200, 43, 11111991),
	(201, 43, 11111992),
	(202, 43, 11111993),
	(203, 43, 11111994),
	(204, 43, 11111995),
	(205, 43, 11111996),
	(206, 43, 11111997),
	(207, 43, 11111998),
	(208, 43, 11111999),
	(209, 43, 11112000),
	(210, 43, 11112001),
	(211, 43, 11112002),
	(212, 43, 11112003),
	(213, 43, 11112004),
	(214, 43, 11112005),
	(215, 43, 11112006),
	(216, 43, 11112007),
	(217, 43, 11112008),
	(218, 43, 11112009),
	(219, 43, 11112010),
	(220, 43, 11112011),
	(221, 43, 11112012),
	(222, 43, 11112013),
	(223, 43, 11112014),
	(224, 43, 11112015),
	(225, 41, 11112034),
	(226, 44, 11112035),
	(227, 41, 11112036),
	(228, 41, 11112039),
	(229, 44, 11112040),
	(230, 47, 247068),
	(231, 47, 247046),
	(232, 47, 247160),
	(233, 41, 11112047),
	(234, 44, 11112048),
	(235, 44, 11112049),
	(236, 44, 11112050),
	(237, 44, 11112051),
	(239, 43, 11112062),
	(240, 41, 11112064),
	(241, 43, 11112065),
	(242, 11, 11111572),
	(243, 41, 11112076),
	(244, 44, 11112076),
	(245, 43, 11112106),
	(246, 43, 11112108),
	(247, 44, 11112108),
	(248, 42, 11112068),
	(249, 21, 11112124),
	(250, 43, 11112123),
	(251, 41, 11112126),
	(252, 44, 11112133),
	(253, 41, 245730),
	(256, 41, 11112121),
	(257, 41, 11112119),
	(258, 44, 11112150),
	(259, 44, 11112151),
	(260, 44, 11112152),
	(261, 44, 11112153),
	(262, 41, 11112117),
	(263, 43, 11112157),
	(264, 43, 11112158),
	(265, 43, 11112159),
	(266, 43, 11112160),
	(267, 41, 11112161),
	(268, 41, 11112113),
	(269, 41, 11112164),
	(270, 41, 11112104),
	(271, 41, 11112095),
	(272, 44, 11112165),
	(273, 41, 11112084),
	(274, 41, 11112179),
	(278, 41, 11112185),
	(279, 41, 11112186),
	(280, 126, 245720),
	(281, 55, 245720),
	(287, 55, 11112194),
	(295, 41, 11111591),
	(296, 41, 11112198),
	(297, 43, 11112199),
	(298, 43, 11112200),
	(299, 44, 11112201),
	(300, 44, 11112115),
	(301, 41, 11111917),
	(302, 126, 247068),
	(303, 55, 11112211),
	(304, 41, 11112210),
	(307, 55, 11112214),
	(308, 55, 11112215),
	(309, 41, 11111988),
	(310, 41, 11111990),
	(311, 41, 11112218),
	(312, 55, 11112219),
	(313, 44, 11112220),
	(314, 55, 11112221),
	(315, 55, 11112222),
	(316, 41, 11112223),
	(317, 41, 11112224),
	(318, 55, 11112227),
	(319, 55, 11112228),
	(320, 55, 11112229),
	(321, 55, 11112230),
	(322, 55, 11112231),
	(323, 55, 11112232),
	(324, 55, 11112233),
	(325, 55, 11112234),
	(326, 55, 11112236),
	(327, 55, 11112237),
	(328, 55, 11112239),
	(329, 55, 11112240),
	(330, 76, 1),
	(331, 44, 11112243),
	(332, 44, 11112244),
	(334, 44, 11112123),
	(335, 3, 11112194),
	(336, 55, 11112255),
	(338, 86, 11112256),
	(339, 86, 11112257),
	(340, 86, 11112258),
	(341, 55, 11112263),
	(342, 43, 11112264),
	(343, 126, 247046),
	(344, 55, 11112274),
	(345, 55, 11112249),
	(346, 55, 11112251),
	(347, 76, 11112252),
	(348, 55, 11112253),
	(349, 55, 11112255),
	(350, 92, 11112194),
	(351, 77, 11112254),
	(353, 55, 11112331),
	(355, 55, 11112333),
	(356, 55, 11112334),
	(357, 55, 11112335),
	(358, 55, 11112337),
	(359, 55, 11112338),
	(360, 55, 11112343),
	(361, 55, 11112344),
	(362, 55, 11112345),
	(363, 55, 11112346),
	(364, 55, 11112347),
	(365, 55, 11112357),
	(366, 55, 11112358),
	(367, 85, 11112284),
	(368, 41, 11112418),
	(371, 44, 11112421),
	(372, 44, 11112422),
	(373, 44, 11112424),
	(375, 44, 11112431),
	(377, 41, 11112442),
	(378, 41, 11112444),
	(379, 41, 11112446),
	(380, 41, 11112448),
	(381, 43, 11112451),
	(382, 44, 11112452),
	(383, 126, 11112455),
	(384, 55, 11112456),
	(385, 43, 11112474),
	(387, 43, 11112475),
	(388, 43, 11112476),
	(389, 43, 11112479),
	(390, 44, 11112481),
	(391, 43, 11112483),
	(392, 43, 11112484),
	(393, 41, 11112491),
	(394, 43, 11112492),
	(395, 44, 11112493),
	(399, 41, 11112504),
	(401, 43, 11112424),
	(413, 43, 11112419),
	(414, 41, 11112058),
	(418, 45, 11112068),
	(422, 41, 11112526),
	(426, 43, 11112530),
	(436, 44, 11112139),
	(437, 43, 11112533),
	(438, 41, 11112509),
	(444, 103, 11112543),
	(445, 77, 11112259),
	(463, 44, 11112515),
	(464, 44, 11112426),
	(466, 44, 11112565),
	(473, 35, 247046),
	(475, 3, 247046),
	(478, 105, 11112254),
	(480, 44, 11112420),
	(484, 41, 11112575),
	(485, 41, 11112577),
	(486, 41, 11112496),
	(488, 41, 11112591),
	(490, 44, 11112581),
	(498, 41, 11112546),
	(502, 43, 11112598),
	(507, 112, 1),
	(526, 44, 11112599),
	(533, 44, 11112601),
	(534, 44, 11112602),
	(535, 55, 11112254),
	(537, 119, 245713),
	(539, 43, 11112623),
	(540, 44, 11112624),
	(541, 43, 11112082),
	(545, 92, 11112456),
	(546, 116, 247046),
	(547, 43, 11112566),
	(554, 41, 11112622),
	(557, 44, 11112655),
	(559, 44, 11112656),
	(560, 41, 11112659),
	(561, 44, 11112661),
	(566, 41, 11112666),
	(569, 126, 11112332),
	(575, 44, 11112508),
	(578, 94, 247068),
	(579, 92, 11112619),
	(580, 92, 11112541),
	(581, 41, 11112183),
	(582, 128, 247068),
	(584, 55, 11112678),
	(585, 123, 11112678),
	(587, 44, 11112680),
	(588, 44, 11112681),
	(589, 43, 11112682),
	(590, 77, 11112675),
	(592, 44, 11112683),
	(594, 77, 11112668),
	(595, 77, 11112683),
	(598, 123, 11112680),
	(601, 124, 11112679),
	(602, 123, 11112679),
	(603, 125, 11112679),
	(604, 124, 11112686),
	(605, 125, 11112678),
	(606, 55, 11112686),
	(607, 124, 11112681),
	(608, 44, 11112688),
	(609, 124, 11112674),
	(610, 124, 11112637),
	(611, 125, 11112637),
	(612, 124, 11112661),
	(613, 124, 11112571),
	(614, 124, 11112669),
	(616, 77, 11112679),
	(617, 124, 11112687),
	(619, 123, 11112687),
	(620, 125, 11112687),
	(623, 123, 11112686),
	(624, 126, 11112455),
	(625, 125, 11112674),
	(626, 123, 11112674),
	(627, 123, 11112701),
	(629, 123, 11112702),
	(631, 41, 11112506),
	(635, 44, 11112711),
	(649, 44, 11112715),
	(655, 41, 11112213),
	(657, 44, 11112184),
	(661, 41, 11112718),
	(674, 123, 11112733),
	(675, 123, 11112731),
	(676, 124, 11112731),
	(677, 55, 11112731),
	(678, 125, 11112731),
	(679, 77, 11112734),
	(681, 123, 11112730),
	(685, 41, 11112740),
	(688, 43, 11112514),
	(689, 55, 11112745),
	(690, 41, 11112750),
	(693, 41, 11112755),
	(694, 77, 11112510),
	(695, 92, 11112745),
	(696, 123, 11112745),
	(697, 55, 11112733),
	(698, 124, 11112703),
	(699, 55, 11112259),
	(700, 92, 11112259),
	(705, 44, 11112720),
	(707, 41, 11112707),
	(709, 44, 11112782),
	(710, 41, 11112784),
	(711, 44, 11112785),
	(712, 44, 11112786),
	(713, 44, 11112787),
	(714, 44, 11112788),
	(715, 44, 11112789),
	(716, 44, 11112790),
	(717, 44, 11112791),
	(718, 44, 11112792),
	(719, 44, 11112793),
	(720, 44, 11112794),
	(721, 44, 11112795),
	(722, 44, 11112796),
	(723, 44, 11112797),
	(724, 44, 11112798),
	(725, 44, 11112799),
	(726, 44, 11112800),
	(727, 44, 11112801),
	(728, 44, 11112802),
	(729, 44, 11112803),
	(730, 44, 11112804),
	(731, 44, 11112805),
	(732, 44, 11112806),
	(733, 44, 11112807),
	(734, 44, 11112808),
	(735, 44, 11112809),
	(740, 44, 11112839),
	(741, 44, 11112840),
	(742, 44, 11112841),
	(743, 44, 11112842),
	(744, 44, 11112843),
	(745, 44, 11112844),
	(746, 44, 11112845),
	(747, 44, 11112846),
	(748, 44, 11112847),
	(749, 44, 11112848),
	(750, 44, 11112849),
	(751, 44, 11112850),
	(752, 44, 11112851),
	(753, 44, 11112852),
	(754, 44, 11112853),
	(755, 44, 11112854),
	(756, 44, 11112855),
	(757, 44, 11112856),
	(758, 44, 11112857),
	(759, 44, 11112858),
	(760, 44, 11112859),
	(761, 44, 11112860),
	(762, 44, 11112861),
	(763, 41, 11112863),
	(764, 44, 11112864),
	(765, 44, 11112865),
	(766, 44, 11112866),
	(767, 44, 11112867),
	(768, 44, 11112868),
	(769, 44, 11112869),
	(770, 44, 11112870),
	(771, 44, 11112871),
	(772, 44, 11112872),
	(773, 44, 11112873),
	(774, 44, 11112874),
	(775, 44, 11112875),
	(776, 44, 11112876),
	(777, 44, 11112877),
	(778, 44, 11112878),
	(779, 44, 11112879),
	(780, 44, 11112880),
	(781, 44, 11112881),
	(782, 44, 11112882),
	(783, 44, 11112883),
	(784, 44, 11112884),
	(785, 44, 11112885),
	(786, 44, 11112886),
	(787, 44, 11112714),
	(788, 41, 11112897),
	(789, 41, 11112899),
	(793, 44, 11112781),
	(794, 41, 11112902),
	(795, 44, 11112904),
	(796, 92, 247026),
	(797, 41, 11112906),
	(798, 44, 11112907),
	(799, 44, 11112908),
	(800, 44, 11112909),
	(801, 92, 11112733),
	(802, 124, 11112730),
	(803, 92, 11112702),
	(804, 123, 11112770),
	(805, 123, 11112900),
	(806, 92, 11112257),
	(808, 43, 11112212),
	(810, 44, 11112712),
	(811, 127, 245779),
	(812, 128, 245779),
	(813, 76, 11112729),
	(815, 41, 11112948),
	(816, 41, 11112950),
	(817, 127, 11112894),
	(818, 128, 11112894),
	(819, 41, 11112960),
	(820, 44, 11112713),
	(821, 44, 11112721),
	(823, 44, 11112968),
	(824, 44, 11112971),
	(825, 43, 11112502),
	(826, 44, 11112973),
	(827, 44, 11112705),
	(828, 44, 11112772),
	(829, 44, 11112974),
	(831, 44, 11112977),
	(832, 44, 11112978),
	(833, 44, 11112979),
	(834, 44, 11112980),
	(835, 43, 11112967),
	(836, 44, 11112976),
	(837, 44, 11112981),
	(838, 123, 11112456),
	(839, 124, 11112541),
	(840, 77, 11112730),
	(841, 45, 247046),
	(844, 128, 247046),
	(845, 44, 11112991),
	(846, 53, 11112724),
	(847, 44, 11112995),
	(848, 41, 11112710),
	(849, 44, 11112513),
	(850, 44, 11112999),
	(851, 128, 11113000),
	(852, 128, 11113001),
	(853, 128, 11113002),
	(854, 128, 11113003),
	(855, 128, 11113004),
	(856, 128, 11113005),
	(857, 128, 11113006),
	(858, 128, 11113007),
	(859, 128, 11113008),
	(860, 128, 11113009),
	(861, 94, 247046),
	(862, 41, 11113034),
	(863, 41, 11112473),
	(864, 44, 11112507),
	(865, 127, 11113036),
	(866, 127, 11113035),
	(867, 41, 11113059),
	(868, 41, 11113061),
	(869, 41, 11112917),
	(871, 43, 11113071),
	(873, 41, 11113066),
	(874, 41, 11113075),
	(875, 44, 11113076),
	(876, 44, 11113077),
	(877, 41, 11113082),
	(878, 41, 11113084),
	(879, 44, 11113085),
	(880, 41, 11113096),
	(881, 41, 11113098),
	(882, 41, 11112525),
	(884, 41, 11113102),
	(885, 41, 11113113),
	(886, 44, 11113114),
	(887, 43, 11113115),
	(888, 44, 11113072),
	(889, 41, 11113104);
/*!40000 ALTER TABLE `USER_ROLE` ENABLE KEYS */;

/*!40101 SET SQL_MODE=IFNULL(@OLD_SQL_MODE, '') */;
/*!40014 SET FOREIGN_KEY_CHECKS=IF(@OLD_FOREIGN_KEY_CHECKS IS NULL, 1, @OLD_FOREIGN_KEY_CHECKS) */;
/*!40101 SET CHARACTER_SET_CLIENT=@OLD_CHARACTER_SET_CLIENT */;
/*!40111 SET SQL_NOTES=@OLD_SQL_NOTES */;
